beta,gamma,capacity,k,transfer_rate,quarantine_duration,response_delay,strategy,metric,runs,networks,observed,non_events,estimand,mean,ci95_low,ci95_high
0.2,0.1,12,2,0.025,0,0,none,final_attack_rate,100,20,100,0,unconditional_mean,0.5185499999999998,0.46679250000000005,0.5708049999999999
0.2,0.1,12,2,0.025,0,0,none,affected_tanks,100,20,100,0,unconditional_mean,9.86,8.799750000000001,10.91
0.2,0.1,12,2,0.025,0,0,none,infectious_cross_region_transfers,100,20,100,0,unconditional_mean,6.01,4.639749999999999,7.32
0.2,0.1,12,2,0.025,0,0,none,regions_visited_by_I,100,20,100,0,unconditional_mean,2.65,2.41,2.87
0.2,0.1,12,2,0.025,0,0,none,regions_with_local_transmission,100,20,100,0,unconditional_mean,2.62,2.38,2.84
0.2,0.1,12,2,0.025,0,0,none,local_infections_outside_initial_region,100,20,100,0,unconditional_mean,60.63,50.319250000000004,70.7505
0.2,0.1,12,2,0.025,0,0,none,first_infectious_arrival,100,20,79,21,mean_given_event,21.72151898734177,17.052357456140353,26.8938125
0.2,0.1,12,2,0.025,0,0,none,first_local_secondary_infection,100,20,79,21,mean_given_event,21.88607594936709,17.207871835443036,26.97532738095238
0.2,0.1,12,2,0.025,0,0,none,infectious_arrival_observed,100,20,100,0,unconditional_mean,0.79,0.71,0.87
0.2,0.1,12,2,0.025,0,0,none,local_secondary_infection_observed,100,20,100,0,unconditional_mean,0.79,0.71,0.87
0.2,0.1,12,2,0.025,7,1,betweenness,final_attack_rate,100,20,100,0,unconditional_mean,0.5015999999999999,0.44889500000000004,0.5546049999999999
0.2,0.1,12,2,0.025,7,1,betweenness,affected_tanks,100,20,100,0,unconditional_mean,9.61,8.55,10.71
0.2,0.1,12,2,0.025,7,1,betweenness,infectious_cross_region_transfers,100,20,100,0,unconditional_mean,5.43,4.11975,6.7502499999999985
0.2,0.1,12,2,0.025,7,1,betweenness,regions_visited_by_I,100,20,100,0,unconditional_mean,2.52,2.3,2.75
0.2,0.1,12,2,0.025,7,1,betweenness,regions_with_local_transmission,100,20,100,0,unconditional_mean,2.5,2.28,2.73
0.2,0.1,12,2,0.025,7,1,betweenness,local_infections_outside_initial_region,100,20,100,0,unconditional_mean,58.7,49.619,67.91024999999999
0.2,0.1,12,2,0.025,7,1,betweenness,first_infectious_arrival,100,20,73,27,mean_given_event,21.45205479452055,17.50614285714286,25.958680555555553
0.2,0.1,12,2,0.025,7,1,betweenness,first_local_secondary_infection,100,20,73,27,mean_given_event,21.52054794520548,17.54045986284792,26.042291666666664
0.2,0.1,12,2,0.025,7,1,betweenness,infectious_arrival_observed,100,20,100,0,unconditional_mean,0.73,0.65,0.81
0.2,0.1,12,2,0.025,7,1,betweenness,local_secondary_infection_observed,100,20,100,0,unconditional_mean,0.73,0.65,0.81
0.2,0.1,12,2,0.025,7,1,random,final_attack_rate,2000,20,2000,0,unconditional_mean,0.5089375,0.46422112499999996,0.5533415
0.2,0.1,12,2,0.025,7,1,random,affected_tanks,2000,20,2000,0,unconditional_mean,9.683,8.8319875,10.540074999999998
0.2,0.1,12,2,0.025,7,1,random,infectious_cross_region_transfers,2000,20,2000,0,unconditional_mean,5.651,4.449487499999999,6.812562499999999
0.2,0.1,12,2,0.025,7,1,random,regions_visited_by_I,2000,20,2000,0,unconditional_mean,2.5745,2.3789625,2.753525
0.2,0.1,12,2,0.025,7,1,random,regions_with_local_transmission,2000,20,2000,0,unconditional_mean,2.546,2.355,2.726
0.2,0.1,12,2,0.025,7,1,random,local_infections_outside_initial_region,2000,20,2000,0,unconditional_mean,59.6895,51.5422875,67.704375
0.2,0.1,12,2,0.025,7,1,random,first_infectious_arrival,2000,20,1479,521,mean_given_event,19.231237322515213,16.614309539315784,22.31002697931172
0.2,0.1,12,2,0.025,7,1,random,first_local_secondary_infection,2000,20,1477,523,mean_given_event,19.37440758293839,16.7016703589546,22.48902919607003
0.2,0.1,12,2,0.025,7,1,random,infectious_arrival_observed,2000,20,2000,0,unconditional_mean,0.7395,0.6644875,0.8105
0.2,0.1,12,2,0.025,7,1,random,local_secondary_infection_observed,2000,20,2000,0,unconditional_mean,0.7385,0.6635,0.809
0.2,0.1,12,2,0.025,7,12,betweenness,final_attack_rate,100,20,100,0,unconditional_mean,0.47259999999999996,0.41832499999999995,0.52700375
0.2,0.1,12,2,0.025,7,12,betweenness,affected_tanks,100,20,100,0,unconditional_mean,8.96,7.89,10.06
0.2,0.1,12,2,0.025,7,12,betweenness,infectious_cross_region_transfers,100,20,100,0,unconditional_mean,5.07,3.86,6.27
0.2,0.1,12,2,0.025,7,12,betweenness,regions_visited_by_I,100,20,100,0,unconditional_mean,2.42,2.19,2.64
0.2,0.1,12,2,0.025,7,12,betweenness,regions_with_local_transmission,100,20,100,0,unconditional_mean,2.4,2.18,2.63
0.2,0.1,12,2,0.025,7,12,betweenness,local_infections_outside_initial_region,100,20,100,0,unconditional_mean,53.1,42.8395,63.241
0.2,0.1,12,2,0.025,7,12,betweenness,first_infectious_arrival,100,20,71,29,mean_given_event,19.253521126760564,16.337674148606812,22.04288637228778
0.2,0.1,12,2,0.025,7,12,betweenness,first_local_secondary_infection,100,20,71,29,mean_given_event,19.464788732394368,16.470467365028203,22.360493670886072
0.2,0.1,12,2,0.025,7,12,betweenness,infectious_arrival_observed,100,20,100,0,unconditional_mean,0.71,0.61,0.81
0.2,0.1,12,2,0.025,7,12,betweenness,local_secondary_infection_observed,100,20,100,0,unconditional_mean,0.71,0.61,0.81
0.2,0.1,12,2,0.025,7,12,random,final_attack_rate,2000,20,2000,0,unconditional_mean,0.4883449999999999,0.4427249375,0.5312271875000001
0.2,0.1,12,2,0.025,7,12,random,affected_tanks,2000,20,2000,0,unconditional_mean,9.279,8.38645,10.1181375
0.2,0.1,12,2,0.025,7,12,random,infectious_cross_region_transfers,2000,20,2000,0,unconditional_mean,5.301,4.1744375,6.4371374999999995
0.2,0.1,12,2,0.025,7,12,random,regions_visited_by_I,2000,20,2000,0,unconditional_mean,2.5105,2.3049250000000003,2.6950125
0.2,0.1,12,2,0.025,7,12,random,regions_with_local_transmission,2000,20,2000,0,unconditional_mean,2.482,2.2795,2.665525
0.2,0.1,12,2,0.025,7,12,random,local_infections_outside_initial_region,2000,20,2000,0,unconditional_mean,55.932,47.274625,64.186075
0.2,0.1,12,2,0.025,7,12,random,first_infectious_arrival,2000,20,1447,553,mean_given_event,19.554941257774708,16.55826917508981,22.828285821889438
0.2,0.1,12,2,0.025,7,12,random,first_local_secondary_infection,2000,20,1446,554,mean_given_event,19.719917012448132,16.685737662714864,23.029024112088628
0.2,0.1,12,2,0.025,7,12,random,infectious_arrival_observed,2000,20,2000,0,unconditional_mean,0.7235,0.6459875,0.7960125
0.2,0.1,12,2,0.025,7,12,random,local_secondary_infection_observed,2000,20,2000,0,unconditional_mean,0.723,0.645,0.7955125
0.2,0.1,12,2,0.025,7,33,betweenness,final_attack_rate,100,20,100,0,unconditional_mean,0.48655000000000004,0.43694500000000003,0.5347025
0.2,0.1,12,2,0.025,7,33,betweenness,affected_tanks,100,20,100,0,unconditional_mean,9.22,8.24,10.21025
0.2,0.1,12,2,0.025,7,33,betweenness,infectious_cross_region_transfers,100,20,100,0,unconditional_mean,5.16,3.8994999999999997,6.33
0.2,0.1,12,2,0.025,7,33,betweenness,regions_visited_by_I,100,20,100,0,unconditional_mean,2.58,2.32,2.82
0.2,0.1,12,2,0.025,7,33,betweenness,regions_with_local_transmission,100,20,100,0,unconditional_mean,2.55,2.29975,2.8
0.2,0.1,12,2,0.025,7,33,betweenness,local_infections_outside_initial_region,100,20,100,0,unconditional_mean,55.44,45.689499999999995,64.80224999999999
0.2,0.1,12,2,0.025,7,33,betweenness,first_infectious_arrival,100,20,76,24,mean_given_event,20.19736842105263,15.623101653398653,25.361942488262905
0.2,0.1,12,2,0.025,7,33,betweenness,first_local_secondary_infection,100,20,76,24,mean_given_event,20.289473684210527,15.710484676882079,25.44982919254658
0.2,0.1,12,2,0.025,7,33,betweenness,infectious_arrival_observed,100,20,100,0,unconditional_mean,0.76,0.67,0.85
0.2,0.1,12,2,0.025,7,33,betweenness,local_secondary_infection_observed,100,20,100,0,unconditional_mean,0.76,0.67,0.85
0.2,0.1,12,2,0.025,7,33,random,final_attack_rate,2000,20,2000,0,unconditional_mean,0.5201224999999999,0.4670201875000001,0.5729585625
0.2,0.1,12,2,0.025,7,33,random,affected_tanks,2000,20,2000,0,unconditional_mean,9.9495,8.877324999999999,11.0181125
0.2,0.1,12,2,0.025,7,33,random,infectious_cross_region_transfers,2000,20,2000,0,unconditional_mean,5.7515,4.514425,6.966525
0.2,0.1,12,2,0.025,7,33,random,regions_visited_by_I,2000,20,2000,0,unconditional_mean,2.643,2.3949625,2.863025
0.2,0.1,12,2,0.025,7,33,random,regions_with_local_transmission,2000,20,2000,0,unconditional_mean,2.6125,2.373475,2.835025
0.2,0.1,12,2,0.025,7,33,random,local_infections_outside_initial_region,2000,20,2000,0,unconditional_mean,61.354,51.2011625,71.47231249999999
0.2,0.1,12,2,0.025,7,33,random,first_infectious_arrival,2000,20,1531,469,mean_given_event,20.42847811887655,16.531114749176982,24.86989026184488
0.2,0.1,12,2,0.025,7,33,random,first_local_secondary_infection,2000,20,1531,469,mean_given_event,20.622468974526452,16.671312141103183,25.17946957634986
0.2,0.1,12,2,0.025,7,33,random,infectious_arrival_observed,2000,20,2000,0,unconditional_mean,0.7655,0.6849875000000001,0.844
0.2,0.1,12,2,0.025,7,33,random,local_secondary_infection_observed,2000,20,2000,0,unconditional_mean,0.7655,0.6849875000000001,0.844
0.2,0.1,12,2,0.025,14,1,betweenness,final_attack_rate,100,20,100,0,unconditional_mean,0.4635,0.4023962499999999,0.52455
0.2,0.1,12,2,0.025,14,1,betweenness,affected_tanks,100,20,100,0,unconditional_mean,8.84,7.639749999999999,10.06
0.2,0.1,12,2,0.025,14,1,betweenness,infectious_cross_region_transfers,100,20,100,0,unconditional_mean,4.9,3.77,6.08
0.2,0.1,12,2,0.025,14,1,betweenness,regions_visited_by_I,100,20,100,0,unconditional_mean,2.41,2.18,2.63
0.2,0.1,12,2,0.025,14,1,betweenness,regions_with_local_transmission,100,20,100,0,unconditional_mean,2.39,2.16,2.6102499999999984
0.2,0.1,12,2,0.025,14,1,betweenness,local_infections_outside_initial_region,100,20,100,0,unconditional_mean,53.16,42.8195,63.65149999999999
0.2,0.1,12,2,0.025,14,1,betweenness,first_infectious_arrival,100,20,67,33,mean_given_event,21.46268656716418,17.842676125244616,26.00115384615384
0.2,0.1,12,2,0.025,14,1,betweenness,first_local_secondary_infection,100,20,67,33,mean_given_event,21.582089552238806,17.926254029008863,26.18058157689305
0.2,0.1,12,2,0.025,14,1,betweenness,infectious_arrival_observed,100,20,100,0,unconditional_mean,0.67,0.58,0.76
0.2,0.1,12,2,0.025,14,1,betweenness,local_secondary_infection_observed,100,20,100,0,unconditional_mean,0.67,0.58,0.76
0.2,0.1,12,2,0.025,14,1,random,final_attack_rate,2000,20,2000,0,unconditional_mean,0.494205,0.45032743750000004,0.53879275
0.2,0.1,12,2,0.025,14,1,random,affected_tanks,2000,20,2000,0,unconditional_mean,9.3835,8.531487499999999,10.262125
0.2,0.1,12,2,0.025,14,1,random,infectious_cross_region_transfers,2000,20,2000,0,unconditional_mean,5.5605,4.378475,6.76005
0.2,0.1,12,2,0.025,14,1,random,regions_visited_by_I,2000,20,2000,0,unconditional_mean,2.5365,2.3294875,2.727
0.2,0.1,12,2,0.025,14,1,random,regions_with_local_transmission,2000,20,2000,0,unconditional_mean,2.5065,2.3064875000000002,2.6960125
0.2,0.1,12,2,0.025,14,1,random,local_infections_outside_initial_region,2000,20,2000,0,unconditional_mean,57.618,49.297925,65.7576
0.2,0.1,12,2,0.025,14,1,random,first_infectious_arrival,2000,20,1454,546,mean_given_event,20.47799174690509,17.856298501029517,23.49898163181779
0.2,0.1,12,2,0.025,14,1,random,first_local_secondary_infection,2000,20,1450,550,mean_given_event,20.569655172413793,17.914521997681152,23.63342017056914
0.2,0.1,12,2,0.025,14,1,random,infectious_arrival_observed,2000,20,2000,0,unconditional_mean,0.727,0.651,0.799
0.2,0.1,12,2,0.025,14,1,random,local_secondary_infection_observed,2000,20,2000,0,unconditional_mean,0.725,0.6499875,0.7965125
0.2,0.1,12,2,0.025,14,12,betweenness,final_attack_rate,100,20,100,0,unconditional_mean,0.4666,0.4096425,0.52806
0.2,0.1,12,2,0.025,14,12,betweenness,affected_tanks,100,20,100,0,unconditional_mean,9.01,7.85,10.25025
0.2,0.1,12,2,0.025,14,12,betweenness,infectious_cross_region_transfers,100,20,100,0,unconditional_mean,4.93,3.78975,6.13
0.2,0.1,12,2,0.025,14,12,betweenness,regions_visited_by_I,100,20,100,0,unconditional_mean,2.42,2.18,2.66
0.2,0.1,12,2,0.025,14,12,betweenness,regions_with_local_transmission,100,20,100,0,unconditional_mean,2.38,2.14,2.61
0.2,0.1,12,2,0.025,14,12,betweenness,local_infections_outside_initial_region,100,20,100,0,unconditional_mean,54.22,43.8985,65.71074999999999
0.2,0.1,12,2,0.025,14,12,betweenness,first_infectious_arrival,100,20,67,33,mean_given_event,19.328358208955223,15.654923115079365,23.651620715350223
0.2,0.1,12,2,0.025,14,12,betweenness,first_local_secondary_infection,100,20,67,33,mean_given_event,19.52238805970149,15.832565789473685,23.83340163934426
0.2,0.1,12,2,0.025,14,12,betweenness,infectious_arrival_observed,100,20,100,0,unconditional_mean,0.67,0.58,0.76
0.2,0.1,12,2,0.025,14,12,betweenness,local_secondary_infection_observed,100,20,100,0,unconditional_mean,0.67,0.58,0.76
0.2,0.1,12,2,0.025,14,12,random,final_attack_rate,2000,20,2000,0,unconditional_mean,0.4805399999999999,0.4384901875,0.52199225
0.2,0.1,12,2,0.025,14,12,random,affected_tanks,2000,20,2000,0,unconditional_mean,9.145,8.32345,9.973025
0.2,0.1,12,2,0.025,14,12,random,infectious_cross_region_transfers,2000,20,2000,0,unconditional_mean,5.165,4.021,6.2805124999999995
0.2,0.1,12,2,0.025,14,12,random,regions_visited_by_I,2000,20,2000,0,unconditional_mean,2.4995,2.292975,2.6875125
0.2,0.1,12,2,0.025,14,12,random,regions_with_local_transmission,2000,20,2000,0,unconditional_mean,2.468,2.271,2.6505125
0.2,0.1,12,2,0.025,14,12,random,local_infections_outside_initial_region,2000,20,2000,0,unconditional_mean,55.166,46.822575,63.306124999999994
0.2,0.1,12,2,0.025,14,12,random,first_infectious_arrival,2000,20,1431,569,mean_given_event,19.731656184486372,16.787916852910765,23.083285257415188
0.2,0.1,12,2,0.025,14,12,random,first_local_secondary_infection,2000,20,1429,571,mean_given_event,19.83624912526242,16.927488089195403,23.126221187541926
0.2,0.1,12,2,0.025,14,12,random,infectious_arrival_observed,2000,20,2000,0,unconditional_mean,0.7155,0.64195,0.786
0.2,0.1,12,2,0.025,14,12,random,local_secondary_infection_observed,2000,20,2000,0,unconditional_mean,0.7145,0.640975,0.7855
0.2,0.1,12,2,0.025,14,33,betweenness,final_attack_rate,100,20,100,0,unconditional_mean,0.46820000000000006,0.41429125,0.52465125
0.2,0.1,12,2,0.025,14,33,betweenness,affected_tanks,100,20,100,0,unconditional_mean,8.86,7.77,9.97
0.2,0.1,12,2,0.025,14,33,betweenness,infectious_cross_region_transfers,100,20,100,0,unconditional_mean,4.9,3.7,6.080749999999996
0.2,0.1,12,2,0.025,14,33,betweenness,regions_visited_by_I,100,20,100,0,unconditional_mean,2.45,2.21,2.7
0.2,0.1,12,2,0.025,14,33,betweenness,regions_with_local_transmission,100,20,100,0,unconditional_mean,2.42,2.17,2.6702499999999985
0.2,0.1,12,2,0.025,14,33,betweenness,local_infections_outside_initial_region,100,20,100,0,unconditional_mean,52.87,42.5965,63.511999999999986
0.2,0.1,12,2,0.025,14,33,betweenness,first_infectious_arrival,100,20,73,27,mean_given_event,17.835616438356166,13.960893584027913,21.898622167789345
0.2,0.1,12,2,0.025,14,33,betweenness,first_local_secondary_infection,100,20,73,27,mean_given_event,17.945205479452056,14.076056338028168,22.014343006488822
0.2,0.1,12,2,0.025,14,33,betweenness,infectious_arrival_observed,100,20,100,0,unconditional_mean,0.73,0.63,0.83
0.2,0.1,12,2,0.025,14,33,betweenness,local_secondary_infection_observed,100,20,100,0,unconditional_mean,0.73,0.63,0.83
0.2,0.1,12,2,0.025,14,33,random,final_attack_rate,2000,20,2000,0,unconditional_mean,0.5064125,0.45485431249999997,0.5570746875
0.2,0.1,12,2,0.025,14,33,random,affected_tanks,2000,20,2000,0,unconditional_mean,9.6485,8.6252125,10.6705875
0.2,0.1,12,2,0.025,14,33,random,infectious_cross_region_transfers,2000,20,2000,0,unconditional_mean,5.6195,4.4272375,6.8229124999999975
0.2,0.1,12,2,0.025,14,33,random,regions_visited_by_I,2000,20,2000,0,unconditional_mean,2.6115,2.3754875,2.82355
0.2,0.1,12,2,0.025,14,33,random,regions_with_local_transmission,2000,20,2000,0,unconditional_mean,2.579,2.3494625,2.7975125
0.2,0.1,12,2,0.025,14,33,random,local_infections_outside_initial_region,2000,20,2000,0,unconditional_mean,58.9175,49.141462499999996,68.54148749999999
0.2,0.1,12,2,0.025,14,33,random,first_infectious_arrival,2000,20,1516,484,mean_given_event,20.08641160949868,16.164973319625027,24.48428161323235
0.2,0.1,12,2,0.025,14,33,random,first_local_secondary_infection,2000,20,1513,487,mean_given_event,20.086582947785857,16.2206848493315,24.430461352409495
0.2,0.1,12,2,0.025,14,33,random,infectious_arrival_observed,2000,20,2000,0,unconditional_mean,0.758,0.6765,0.8365125
0.2,0.1,12,2,0.025,14,33,random,local_secondary_infection_observed,2000,20,2000,0,unconditional_mean,0.7565,0.6734875,0.8345249999999999
0.2,0.1,12,2,0.025,28,1,betweenness,final_attack_rate,100,20,100,0,unconditional_mean,0.3948,0.32439749999999995,0.46566749999999985
0.2,0.1,12,2,0.025,28,1,betweenness,affected_tanks,100,20,100,0,unconditional_mean,7.55,6.16975,8.98
0.2,0.1,12,2,0.025,28,1,betweenness,infectious_cross_region_transfers,100,20,100,0,unconditional_mean,4.13,2.97975,5.310249999999998
0.2,0.1,12,2,0.025,28,1,betweenness,regions_visited_by_I,100,20,100,0,unconditional_mean,2.15,1.91,2.39
0.2,0.1,12,2,0.025,28,1,betweenness,regions_with_local_transmission,100,20,100,0,unconditional_mean,2.13,1.89,2.38
0.2,0.1,12,2,0.025,28,1,betweenness,local_infections_outside_initial_region,100,20,100,0,unconditional_mean,41.94,30.30925,53.780499999999996
0.2,0.1,12,2,0.025,28,1,betweenness,first_infectious_arrival,100,20,65,35,mean_given_event,20.646153846153847,17.014130434782608,24.808165322580635
0.2,0.1,12,2,0.025,28,1,betweenness,first_local_secondary_infection,100,20,65,35,mean_given_event,21.138461538461538,17.627118644067796,25.27401983939537
0.2,0.1,12,2,0.025,28,1,betweenness,infectious_arrival_observed,100,20,100,0,unconditional_mean,0.65,0.56,0.74
0.2,0.1,12,2,0.025,28,1,betweenness,local_secondary_infection_observed,100,20,100,0,unconditional_mean,0.65,0.56,0.74
0.2,0.1,12,2,0.025,28,1,random,final_attack_rate,2000,20,2000,0,unconditional_mean,0.450675,0.40648687499999997,0.49265768749999994
0.2,0.1,12,2,0.025,28,1,random,affected_tanks,2000,20,2000,0,unconditional_mean,8.569,7.703925,9.3795
0.2,0.1,12,2,0.025,28,1,random,infectious_cross_region_transfers,2000,20,2000,0,unconditional_mean,5.01,3.909975,6.1378499999999985
0.2,0.1,12,2,0.025,28,1,random,regions_visited_by_I,2000,20,2000,0,unconditional_mean,2.3895,2.1939875,2.5725124999999998
0.2,0.1,12,2,0.025,28,1,random,regions_with_local_transmission,2000,20,2000,0,unconditional_mean,2.359,2.1665,2.543525
0.2,0.1,12,2,0.025,28,1,random,local_infections_outside_initial_region,2000,20,2000,0,unconditional_mean,51.5015,43.343562500000004,59.17346249999999
0.2,0.1,12,2,0.025,28,1,random,first_infectious_arrival,2000,20,1336,664,mean_given_event,20.050898203592816,17.567034224011714,22.99849817287661
0.2,0.1,12,2,0.025,28,1,random,first_local_secondary_infection,2000,20,1330,670,mean_given_event,20.151127819548872,17.744946180001854,23.08769607821878
0.2,0.1,12,2,0.025,28,1,random,infectious_arrival_observed,2000,20,2000,0,unconditional_mean,0.668,0.5945,0.7370125
0.2,0.1,12,2,0.025,28,1,random,local_secondary_infection_observed,2000,20,2000,0,unconditional_mean,0.665,0.5914875,0.7345
0.2,0.1,12,2,0.025,28,12,betweenness,final_attack_rate,100,20,100,0,unconditional_mean,0.4019,0.33759749999999994,0.46970375
0.2,0.1,12,2,0.025,28,12,betweenness,affected_tanks,100,20,100,0,unconditional_mean,7.73,6.43,9.130499999999998
0.2,0.1,12,2,0.025,28,12,betweenness,infectious_cross_region_transfers,100,20,100,0,unconditional_mean,4.16,2.89,5.5002499999999985
0.2,0.1,12,2,0.025,28,12,betweenness,regions_visited_by_I,100,20,100,0,unconditional_mean,2.2,1.94,2.46
0.2,0.1,12,2,0.025,28,12,betweenness,regions_with_local_transmission,100,20,100,0,unconditional_mean,2.18,1.94,2.43
0.2,0.1,12,2,0.025,28,12,betweenness,local_infections_outside_initial_region,100,20,100,0,unconditional_mean,42.47,31.06775,54.69049999999999
0.2,0.1,12,2,0.025,28,12,betweenness,first_infectious_arrival,100,20,63,37,mean_given_event,17.142857142857142,14.228558897243108,20.258078420467186
0.2,0.1,12,2,0.025,28,12,betweenness,first_local_secondary_infection,100,20,63,37,mean_given_event,17.253968253968253,14.366654929577466,20.357272256728777
0.2,0.1,12,2,0.025,28,12,betweenness,infectious_arrival_observed,100,20,100,0,unconditional_mean,0.63,0.52,0.73
0.2,0.1,12,2,0.025,28,12,betweenness,local_secondary_infection_observed,100,20,100,0,unconditional_mean,0.63,0.52,0.73
0.2,0.1,12,2,0.025,28,12,random,final_attack_rate,2000,20,2000,0,unconditional_mean,0.4630949999999999,0.42221937500000006,0.5044489999999999
0.2,0.1,12,2,0.025,28,12,random,affected_tanks,2000,20,2000,0,unconditional_mean,8.809,8.01495,9.6090875
0.2,0.1,12,2,0.025,28,12,random,infectious_cross_region_transfers,2000,20,2000,0,unconditional_mean,5.0105,3.9328374999999998,6.044699999999999
0.2,0.1,12,2,0.025,28,12,random,regions_visited_by_I,2000,20,2000,0,unconditional_mean,2.4405,2.2359875000000002,2.627
0.2,0.1,12,2,0.025,28,12,random,regions_with_local_transmission,2000,20,2000,0,unconditional_mean,2.413,2.212975,2.5965125
0.2,0.1,12,2,0.025,28,12,random,local_infections_outside_initial_region,2000,20,2000,0,unconditional_mean,52.419,44.4282625,60.1270625
0.2,0.1,12,2,0.025,28,12,random,first_infectious_arrival,2000,20,1400,600,mean_given_event,18.884285714285713,16.358728002070393,21.78172516269854
0.2,0.1,12,2,0.025,28,12,random,first_local_secondary_infection,2000,20,1399,601,mean_given_event,19.072909220872052,16.522165555425584,21.99026228028876
0.2,0.1,12,2,0.025,28,12,random,infectious_arrival_observed,2000,20,2000,0,unconditional_mean,0.7,0.6254875,0.7700125
0.2,0.1,12,2,0.025,28,12,random,local_secondary_infection_observed,2000,20,2000,0,unconditional_mean,0.6995,0.6244875000000001,0.7695124999999999
0.2,0.1,12,2,0.025,28,33,betweenness,final_attack_rate,100,20,100,0,unconditional_mean,0.4524,0.40139749999999996,0.50545625
0.2,0.1,12,2,0.025,28,33,betweenness,affected_tanks,100,20,100,0,unconditional_mean,8.61,7.6,9.66025
0.2,0.1,12,2,0.025,28,33,betweenness,infectious_cross_region_transfers,100,20,100,0,unconditional_mean,4.65,3.56975,5.740499999999997
0.2,0.1,12,2,0.025,28,33,betweenness,regions_visited_by_I,100,20,100,0,unconditional_mean,2.42,2.19,2.66
0.2,0.1,12,2,0.025,28,33,betweenness,regions_with_local_transmission,100,20,100,0,unconditional_mean,2.39,2.16,2.64
0.2,0.1,12,2,0.025,28,33,betweenness,local_infections_outside_initial_region,100,20,100,0,unconditional_mean,49.16,39.7385,59.32
0.2,0.1,12,2,0.025,28,33,betweenness,first_infectious_arrival,100,20,74,26,mean_given_event,19.2027027027027,14.871353383458647,23.792330133634483
0.2,0.1,12,2,0.025,28,33,betweenness,first_local_secondary_infection,100,20,74,26,mean_given_event,19.35135135135135,14.971971881759194,24.014208333333332
0.2,0.1,12,2,0.025,28,33,betweenness,infectious_arrival_observed,100,20,100,0,unconditional_mean,0.74,0.64,0.84
0.2,0.1,12,2,0.025,28,33,betweenness,local_secondary_infection_observed,100,20,100,0,unconditional_mean,0.74,0.64,0.84
0.2,0.1,12,2,0.025,28,33,random,final_attack_rate,2000,20,2000,0,unconditional_mean,0.4988175,0.4482521875,0.5481621250000001
0.2,0.1,12,2,0.025,28,33,random,affected_tanks,2000,20,2000,0,unconditional_mean,9.512,8.5113125,10.495037499999999
0.2,0.1,12,2,0.025,28,33,random,infectious_cross_region_transfers,2000,20,2000,0,unconditional_mean,5.5195,4.34445,6.697512499999999
0.2,0.1,12,2,0.025,28,33,random,regions_visited_by_I,2000,20,2000,0,unconditional_mean,2.5825,2.3485,2.7935
0.2,0.1,12,2,0.025,28,33,random,regions_with_local_transmission,2000,20,2000,0,unconditional_mean,2.5505,2.3255,2.7690375
0.2,0.1,12,2,0.025,28,33,random,local_infections_outside_initial_region,2000,20,2000,0,unconditional_mean,57.5235,47.9618625,66.81162499999999
0.2,0.1,12,2,0.025,28,33,random,first_infectious_arrival,2000,20,1499,501,mean_given_event,19.275517011340895,15.615964197341073,23.232477768677448
0.2,0.1,12,2,0.025,28,33,random,first_local_secondary_infection,2000,20,1496,504,mean_given_event,19.32620320855615,15.69053053523866,23.25761625643742
0.2,0.1,12,2,0.025,28,33,random,infectious_arrival_observed,2000,20,2000,0,unconditional_mean,0.7495,0.666,0.8290124999999999
0.2,0.1,12,2,0.025,28,33,random,local_secondary_infection_observed,2000,20,2000,0,unconditional_mean,0.748,0.6644875,0.8275
