beta,gamma,capacity,k,transfer_rate,response_delay,strategy,contrast,quarantine_duration_left,quarantine_duration_right,metric,blocks,networks,mean_left,mean_right,mean_diff,ci95_low,ci95_high
0.2,0.1,12,2,0.025,1,betweenness,14-7,14,7,final_attack_rate,100,20,0.4635000000000001,0.5016,-0.0381,-0.08460375,0.010216249999999913
0.2,0.1,12,2,0.025,1,betweenness,14-7,14,7,affected_tanks,100,20,8.84,9.61,-0.77,-1.69,0.14
0.2,0.1,12,2,0.025,1,betweenness,14-7,14,7,infectious_cross_region_transfers,100,20,4.9,5.43,-0.53,-1.3502500000000002,0.33
0.2,0.1,12,2,0.025,1,betweenness,14-7,14,7,regions_visited_by_I,100,20,2.41,2.52,-0.11,-0.33,0.12
0.2,0.1,12,2,0.025,1,betweenness,14-7,14,7,regions_with_local_transmission,100,20,2.39,2.5,-0.11,-0.33,0.12
0.2,0.1,12,2,0.025,1,betweenness,14-7,14,7,local_infections_outside_initial_region,100,20,53.16,58.7,-5.54,-13.870249999999999,3.41
0.2,0.1,12,2,0.025,1,betweenness,14-7,14,7,infectious_arrival_observed,100,20,0.67,0.73,-0.06,-0.13,0.01
0.2,0.1,12,2,0.025,1,betweenness,14-7,14,7,local_secondary_infection_observed,100,20,0.67,0.73,-0.06,-0.13,0.01
0.2,0.1,12,2,0.025,1,random,14-7,14,7,final_attack_rate,100,20,0.49420500000000006,0.5089375,-0.014732499999999997,-0.025800312499999995,-0.003444874999999989
0.2,0.1,12,2,0.025,1,random,14-7,14,7,affected_tanks,100,20,9.383500000000002,9.683,-0.29949999999999993,-0.5120750000000001,-0.07950000000000004
0.2,0.1,12,2,0.025,1,random,14-7,14,7,infectious_cross_region_transfers,100,20,5.560500000000001,5.651,-0.09049999999999997,-0.2725125,0.10101249999999998
0.2,0.1,12,2,0.025,1,random,14-7,14,7,regions_visited_by_I,100,20,2.5365,2.5745,-0.03800000000000001,-0.08400000000000002,0.009499999999999982
0.2,0.1,12,2,0.025,1,random,14-7,14,7,regions_with_local_transmission,100,20,2.5065,2.546,-0.03950000000000002,-0.0850125,0.005999999999999974
0.2,0.1,12,2,0.025,1,random,14-7,14,7,local_infections_outside_initial_region,100,20,57.618,59.68950000000001,-2.0715,-3.6812499999999995,-0.5337750000000001
0.2,0.1,12,2,0.025,1,random,14-7,14,7,infectious_arrival_observed,100,20,0.727,0.7395,-0.0125,-0.030999999999999996,0.005999999999999994
0.2,0.1,12,2,0.025,1,random,14-7,14,7,local_secondary_infection_observed,100,20,0.725,0.7384999999999999,-0.013500000000000002,-0.0325,0.0054999999999999945
0.2,0.1,12,2,0.025,12,betweenness,14-7,14,7,final_attack_rate,100,20,0.46659999999999996,0.47259999999999996,-0.006000000000000001,-0.05015250000000001,0.03270999999999994
0.2,0.1,12,2,0.025,12,betweenness,14-7,14,7,affected_tanks,100,20,9.01,8.96,0.05,-0.87025,0.87
0.2,0.1,12,2,0.025,12,betweenness,14-7,14,7,infectious_cross_region_transfers,100,20,4.93,5.07,-0.14,-0.79025,0.43
0.2,0.1,12,2,0.025,12,betweenness,14-7,14,7,regions_visited_by_I,100,20,2.42,2.42,0.0,-0.18,0.17
0.2,0.1,12,2,0.025,12,betweenness,14-7,14,7,regions_with_local_transmission,100,20,2.38,2.4,-0.02,-0.21,0.15
0.2,0.1,12,2,0.025,12,betweenness,14-7,14,7,local_infections_outside_initial_region,100,20,54.22,53.1,1.12,-7.2805,8.88
0.2,0.1,12,2,0.025,12,betweenness,14-7,14,7,infectious_arrival_observed,100,20,0.67,0.71,-0.04,-0.1,0.010249999999998635
0.2,0.1,12,2,0.025,12,betweenness,14-7,14,7,local_secondary_infection_observed,100,20,0.67,0.71,-0.04,-0.1,0.010249999999998635
0.2,0.1,12,2,0.025,12,random,14-7,14,7,final_attack_rate,100,20,0.48053999999999997,0.4883449999999999,-0.0078049999999999994,-0.0188468125,0.003895874999999996
0.2,0.1,12,2,0.025,12,random,14-7,14,7,affected_tanks,100,20,9.145,9.279,-0.13400000000000006,-0.3740375,0.11499999999999988
0.2,0.1,12,2,0.025,12,random,14-7,14,7,infectious_cross_region_transfers,100,20,5.164999999999999,5.301,-0.13600000000000007,-0.28651250000000006,0.029037499999999758
0.2,0.1,12,2,0.025,12,random,14-7,14,7,regions_visited_by_I,100,20,2.4995000000000003,2.5105,-0.011,-0.0565,0.03349999999999999
0.2,0.1,12,2,0.025,12,random,14-7,14,7,regions_with_local_transmission,100,20,2.468,2.4819999999999998,-0.013999999999999988,-0.05899999999999997,0.029000000000000022
0.2,0.1,12,2,0.025,12,random,14-7,14,7,local_infections_outside_initial_region,100,20,55.166000000000004,55.931999999999995,-0.7659999999999999,-2.7745124999999997,1.2620874999999996
0.2,0.1,12,2,0.025,12,random,14-7,14,7,infectious_arrival_observed,100,20,0.7155000000000001,0.7234999999999999,-0.008000000000000005,-0.024500000000000008,0.007499999999999998
0.2,0.1,12,2,0.025,12,random,14-7,14,7,local_secondary_infection_observed,100,20,0.7144999999999999,0.723,-0.008500000000000002,-0.025,0.006512499999999933
0.2,0.1,12,2,0.025,33,betweenness,14-7,14,7,final_attack_rate,100,20,0.4682,0.4865499999999999,-0.01835,-0.049801250000000005,0.012901249999999994
0.2,0.1,12,2,0.025,33,betweenness,14-7,14,7,affected_tanks,100,20,8.86,9.22,-0.36,-0.99,0.26
0.2,0.1,12,2,0.025,33,betweenness,14-7,14,7,infectious_cross_region_transfers,100,20,4.9,5.16,-0.26,-0.81,0.27
0.2,0.1,12,2,0.025,33,betweenness,14-7,14,7,regions_visited_by_I,100,20,2.45,2.58,-0.13,-0.28,0.02
0.2,0.1,12,2,0.025,33,betweenness,14-7,14,7,regions_with_local_transmission,100,20,2.42,2.55,-0.13,-0.28,0.02
0.2,0.1,12,2,0.025,33,betweenness,14-7,14,7,local_infections_outside_initial_region,100,20,52.87,55.44,-2.57,-8.4505,3.5402499999999986
0.2,0.1,12,2,0.025,33,betweenness,14-7,14,7,infectious_arrival_observed,100,20,0.73,0.76,-0.03,-0.07,0.01
0.2,0.1,12,2,0.025,33,betweenness,14-7,14,7,local_secondary_infection_observed,100,20,0.73,0.76,-0.03,-0.07,0.01
0.2,0.1,12,2,0.025,33,random,14-7,14,7,final_attack_rate,100,20,0.5064124999999999,0.5201224999999998,-0.013709999999999993,-0.023037499999999992,-0.005254374999999993
0.2,0.1,12,2,0.025,33,random,14-7,14,7,affected_tanks,100,20,9.6485,9.949500000000002,-0.301,-0.48951249999999985,-0.12646250000000023
0.2,0.1,12,2,0.025,33,random,14-7,14,7,infectious_cross_region_transfers,100,20,5.6195,5.751500000000001,-0.13199999999999995,-0.287525,0.008549999999999813
0.2,0.1,12,2,0.025,33,random,14-7,14,7,regions_visited_by_I,100,20,2.6115,2.6430000000000002,-0.03149999999999998,-0.068,0.0035124999999999675
0.2,0.1,12,2,0.025,33,random,14-7,14,7,regions_with_local_transmission,100,20,2.579,2.6125,-0.03349999999999998,-0.07051249999999999,0.0010000000000000143
0.2,0.1,12,2,0.025,33,random,14-7,14,7,local_infections_outside_initial_region,100,20,58.9175,61.354,-2.4365000000000006,-4.160187500000001,-0.8656250000000023
0.2,0.1,12,2,0.025,33,random,14-7,14,7,infectious_arrival_observed,100,20,0.758,0.7655000000000001,-0.0075,-0.019499999999999997,0.003000000000000001
0.2,0.1,12,2,0.025,33,random,14-7,14,7,local_secondary_infection_observed,100,20,0.7565000000000001,0.7655000000000001,-0.009,-0.020500000000000004,0.0020000000000000005
0.2,0.1,12,2,0.025,1,betweenness,28-7,28,7,final_attack_rate,100,20,0.3948000000000001,0.5016,-0.10679999999999999,-0.17800125000000003,-0.03903875000000006
0.2,0.1,12,2,0.025,1,betweenness,28-7,28,7,affected_tanks,100,20,7.55,9.61,-2.06,-3.51,-0.68
0.2,0.1,12,2,0.025,1,betweenness,28-7,28,7,infectious_cross_region_transfers,100,20,4.13,5.43,-1.3,-2.6,-0.11
0.2,0.1,12,2,0.025,1,betweenness,28-7,28,7,regions_visited_by_I,100,20,2.15,2.52,-0.37,-0.62025,-0.12
0.2,0.1,12,2,0.025,1,betweenness,28-7,28,7,regions_with_local_transmission,100,20,2.13,2.5,-0.37,-0.62025,-0.12
0.2,0.1,12,2,0.025,1,betweenness,28-7,28,7,local_infections_outside_initial_region,100,20,41.94,58.7,-16.76,-28.103250000000003,-5.5797500000000015
0.2,0.1,12,2,0.025,1,betweenness,28-7,28,7,infectious_arrival_observed,100,20,0.65,0.73,-0.08,-0.17,0.00024999999999863575
0.2,0.1,12,2,0.025,1,betweenness,28-7,28,7,local_secondary_infection_observed,100,20,0.65,0.73,-0.08,-0.17,0.00024999999999863575
0.2,0.1,12,2,0.025,1,random,28-7,28,7,final_attack_rate,100,20,0.45067500000000005,0.5089375,-0.0582625,-0.07338512500000001,-0.04176343750000002
0.2,0.1,12,2,0.025,1,random,28-7,28,7,affected_tanks,100,20,8.568999999999999,9.683,-1.114,-1.4125125,-0.7939250000000004
0.2,0.1,12,2,0.025,1,random,28-7,28,7,infectious_cross_region_transfers,100,20,5.01,5.651,-0.6409999999999999,-0.850025,-0.43099999999999994
0.2,0.1,12,2,0.025,1,random,28-7,28,7,regions_visited_by_I,100,20,2.3895,2.5745,-0.185,-0.24200000000000002,-0.12500000000000003
0.2,0.1,12,2,0.025,1,random,28-7,28,7,regions_with_local_transmission,100,20,2.359,2.546,-0.187,-0.24799999999999997,-0.12250000000000001
0.2,0.1,12,2,0.025,1,random,28-7,28,7,local_infections_outside_initial_region,100,20,51.50150000000001,59.68950000000001,-8.188,-10.497900000000001,-5.8074
0.2,0.1,12,2,0.025,1,random,28-7,28,7,infectious_arrival_observed,100,20,0.6680000000000001,0.7395,-0.07150000000000001,-0.09949999999999999,-0.04300000000000001
0.2,0.1,12,2,0.025,1,random,28-7,28,7,local_secondary_infection_observed,100,20,0.665,0.7384999999999999,-0.0735,-0.1025,-0.044000000000000004
0.2,0.1,12,2,0.025,12,betweenness,28-7,28,7,final_attack_rate,100,20,0.40190000000000003,0.47259999999999996,-0.0707,-0.12471125,-0.021992500000000043
0.2,0.1,12,2,0.025,12,betweenness,28-7,28,7,affected_tanks,100,20,7.73,8.96,-1.23,-2.36,-0.21975000000000136
0.2,0.1,12,2,0.025,12,betweenness,28-7,28,7,infectious_cross_region_transfers,100,20,4.16,5.07,-0.91,-1.76025,-0.16
0.2,0.1,12,2,0.025,12,betweenness,28-7,28,7,regions_visited_by_I,100,20,2.2,2.42,-0.22,-0.44025,-0.03
0.2,0.1,12,2,0.025,12,betweenness,28-7,28,7,regions_with_local_transmission,100,20,2.18,2.4,-0.22,-0.44025,-0.03
0.2,0.1,12,2,0.025,12,betweenness,28-7,28,7,local_infections_outside_initial_region,100,20,42.47,53.1,-10.63,-20.511750000000003,-1.8485000000000082
0.2,0.1,12,2,0.025,12,betweenness,28-7,28,7,infectious_arrival_observed,100,20,0.63,0.71,-0.08,-0.17,-0.009750000000001365
0.2,0.1,12,2,0.025,12,betweenness,28-7,28,7,local_secondary_infection_observed,100,20,0.63,0.71,-0.08,-0.17,-0.009750000000001365
0.2,0.1,12,2,0.025,12,random,28-7,28,7,final_attack_rate,100,20,0.463095,0.4883449999999999,-0.025250000000000005,-0.039063875,-0.01176206249999999
0.2,0.1,12,2,0.025,12,random,28-7,28,7,affected_tanks,100,20,8.809000000000001,9.279,-0.4700000000000001,-0.7505375,-0.18993750000000056
0.2,0.1,12,2,0.025,12,random,28-7,28,7,infectious_cross_region_transfers,100,20,5.0105,5.301,-0.29050000000000004,-0.5340250000000001,-0.03748750000000009
0.2,0.1,12,2,0.025,12,random,28-7,28,7,regions_visited_by_I,100,20,2.4405,2.5105,-0.07000000000000002,-0.1315,-0.01197500000000016
0.2,0.1,12,2,0.025,12,random,28-7,28,7,regions_with_local_transmission,100,20,2.4130000000000003,2.4819999999999998,-0.069,-0.13049999999999998,-0.01000000000000001
0.2,0.1,12,2,0.025,12,random,28-7,28,7,local_infections_outside_initial_region,100,20,52.419,55.931999999999995,-3.513,-6.0159875,-1.060962500000009
0.2,0.1,12,2,0.025,12,random,28-7,28,7,infectious_arrival_observed,100,20,0.7,0.7234999999999999,-0.023500000000000007,-0.043,-0.005500000000000005
0.2,0.1,12,2,0.025,12,random,28-7,28,7,local_secondary_infection_observed,100,20,0.6995,0.723,-0.023500000000000007,-0.043,-0.0055000000000000005
0.2,0.1,12,2,0.025,33,betweenness,28-7,28,7,final_attack_rate,100,20,0.4524,0.4865499999999999,-0.03415,-0.07345625,-0.0008987500000000114
0.2,0.1,12,2,0.025,33,betweenness,28-7,28,7,affected_tanks,100,20,8.61,9.22,-0.61,-1.43025,0.06
0.2,0.1,12,2,0.025,33,betweenness,28-7,28,7,infectious_cross_region_transfers,100,20,4.65,5.16,-0.51,-1.06,-0.03
0.2,0.1,12,2,0.025,33,betweenness,28-7,28,7,regions_visited_by_I,100,20,2.42,2.58,-0.16,-0.33,-0.02
0.2,0.1,12,2,0.025,33,betweenness,28-7,28,7,regions_with_local_transmission,100,20,2.39,2.55,-0.16,-0.33,-0.02
0.2,0.1,12,2,0.025,33,betweenness,28-7,28,7,local_infections_outside_initial_region,100,20,49.16,55.44,-6.28,-13.721,0.01
0.2,0.1,12,2,0.025,33,betweenness,28-7,28,7,infectious_arrival_observed,100,20,0.74,0.76,-0.02,-0.08,0.03
0.2,0.1,12,2,0.025,33,betweenness,28-7,28,7,local_secondary_infection_observed,100,20,0.74,0.76,-0.02,-0.08,0.03
0.2,0.1,12,2,0.025,33,random,28-7,28,7,final_attack_rate,100,20,0.49881750000000014,0.5201224999999998,-0.02130499999999999,-0.03433693749999999,-0.010545937500000003
0.2,0.1,12,2,0.025,33,random,28-7,28,7,affected_tanks,100,20,9.511999999999999,9.949500000000002,-0.43749999999999994,-0.7055124999999998,-0.20998750000000005
0.2,0.1,12,2,0.025,33,random,28-7,28,7,infectious_cross_region_transfers,100,20,5.519499999999999,5.751500000000001,-0.23200000000000004,-0.4395000000000001,-0.055987500000000016
0.2,0.1,12,2,0.025,33,random,28-7,28,7,regions_visited_by_I,100,20,2.5825,2.6430000000000002,-0.06049999999999999,-0.10949999999999999,-0.016987500000000048
0.2,0.1,12,2,0.025,33,random,28-7,28,7,regions_with_local_transmission,100,20,2.5505,2.6125,-0.061999999999999986,-0.10899999999999997,-0.019499999999999997
0.2,0.1,12,2,0.025,33,random,28-7,28,7,local_infections_outside_initial_region,100,20,57.52349999999999,61.354,-3.8305000000000002,-6.219787500000001,-1.8896125000000024
0.2,0.1,12,2,0.025,33,random,28-7,28,7,infectious_arrival_observed,100,20,0.7495,0.7655000000000001,-0.016,-0.029500000000000005,-0.004000000000000001
0.2,0.1,12,2,0.025,33,random,28-7,28,7,local_secondary_infection_observed,100,20,0.748,0.7655000000000001,-0.0175,-0.0315,-0.005487500000000068
0.2,0.1,12,2,0.025,1,betweenness,28-14,28,14,final_attack_rate,100,20,0.3948000000000001,0.4635000000000001,-0.06869999999999998,-0.12905125,-0.011897500000000012
0.2,0.1,12,2,0.025,1,betweenness,28-14,28,14,affected_tanks,100,20,7.55,8.84,-1.29,-2.52,-0.13
0.2,0.1,12,2,0.025,1,betweenness,28-14,28,14,infectious_cross_region_transfers,100,20,4.13,4.9,-0.77,-1.77,0.17
0.2,0.1,12,2,0.025,1,betweenness,28-14,28,14,regions_visited_by_I,100,20,2.15,2.41,-0.26,-0.47,-0.05
0.2,0.1,12,2,0.025,1,betweenness,28-14,28,14,regions_with_local_transmission,100,20,2.13,2.39,-0.26,-0.47,-0.05
0.2,0.1,12,2,0.025,1,betweenness,28-14,28,14,local_infections_outside_initial_region,100,20,41.94,53.16,-11.22,-21.80075,-1.5290000000000055
0.2,0.1,12,2,0.025,1,betweenness,28-14,28,14,infectious_arrival_observed,100,20,0.65,0.67,-0.02,-0.09,0.04
0.2,0.1,12,2,0.025,1,betweenness,28-14,28,14,local_secondary_infection_observed,100,20,0.65,0.67,-0.02,-0.09,0.04
0.2,0.1,12,2,0.025,1,random,28-14,28,14,final_attack_rate,100,20,0.45067500000000005,0.49420500000000006,-0.043530000000000006,-0.0565301875,-0.02868356250000001
0.2,0.1,12,2,0.025,1,random,28-14,28,14,affected_tanks,100,20,8.568999999999999,9.383500000000002,-0.8145000000000002,-1.0650625,-0.5289375000000004
0.2,0.1,12,2,0.025,1,random,28-14,28,14,infectious_cross_region_transfers,100,20,5.01,5.560500000000001,-0.5505,-0.74255,-0.3534875
0.2,0.1,12,2,0.025,1,random,28-14,28,14,regions_visited_by_I,100,20,2.3895,2.5365,-0.147,-0.19,-0.09898750000000006
0.2,0.1,12,2,0.025,1,random,28-14,28,14,regions_with_local_transmission,100,20,2.359,2.5065,-0.1475,-0.1925,-0.09699999999999999
0.2,0.1,12,2,0.025,1,random,28-14,28,14,local_infections_outside_initial_region,100,20,51.50150000000001,57.618,-6.116500000000001,-8.161525000000001,-3.8515625000000036
0.2,0.1,12,2,0.025,1,random,28-14,28,14,infectious_arrival_observed,100,20,0.6680000000000001,0.727,-0.059000000000000004,-0.0765125,-0.0415
0.2,0.1,12,2,0.025,1,random,28-14,28,14,local_secondary_infection_observed,100,20,0.665,0.725,-0.05999999999999999,-0.0790125,-0.041987500000000066
0.2,0.1,12,2,0.025,12,betweenness,28-14,28,14,final_attack_rate,100,20,0.40190000000000003,0.46659999999999996,-0.06470000000000001,-0.08960250000000002,-0.04209875000000001
0.2,0.1,12,2,0.025,12,betweenness,28-14,28,14,affected_tanks,100,20,7.73,9.01,-1.28,-1.79,-0.8097500000000014
0.2,0.1,12,2,0.025,12,betweenness,28-14,28,14,infectious_cross_region_transfers,100,20,4.16,4.93,-0.77,-1.26,-0.28
0.2,0.1,12,2,0.025,12,betweenness,28-14,28,14,regions_visited_by_I,100,20,2.2,2.42,-0.22,-0.33,-0.12
0.2,0.1,12,2,0.025,12,betweenness,28-14,28,14,regions_with_local_transmission,100,20,2.18,2.38,-0.2,-0.3,-0.11
0.2,0.1,12,2,0.025,12,betweenness,28-14,28,14,local_infections_outside_initial_region,100,20,42.47,54.22,-11.75,-16.65025,-7.489500000000003
0.2,0.1,12,2,0.025,12,betweenness,28-14,28,14,infectious_arrival_observed,100,20,0.63,0.67,-0.04,-0.08,-0.01
0.2,0.1,12,2,0.025,12,betweenness,28-14,28,14,local_secondary_infection_observed,100,20,0.63,0.67,-0.04,-0.08,-0.01
0.2,0.1,12,2,0.025,12,random,28-14,28,14,final_attack_rate,100,20,0.463095,0.48053999999999997,-0.017445,-0.0258,-0.009698937500000001
0.2,0.1,12,2,0.025,12,random,28-14,28,14,affected_tanks,100,20,8.809000000000001,9.145,-0.3360000000000001,-0.4910125000000001,-0.18698749999999997
0.2,0.1,12,2,0.025,12,random,28-14,28,14,infectious_cross_region_transfers,100,20,5.0105,5.164999999999999,-0.15449999999999997,-0.3005249999999999,0.0025000000000000673
0.2,0.1,12,2,0.025,12,random,28-14,28,14,regions_visited_by_I,100,20,2.4405,2.4995000000000003,-0.059000000000000025,-0.09800000000000005,-0.021000000000000005
0.2,0.1,12,2,0.025,12,random,28-14,28,14,regions_with_local_transmission,100,20,2.4130000000000003,2.468,-0.05500000000000002,-0.09101250000000005,-0.018000000000000026
0.2,0.1,12,2,0.025,12,random,28-14,28,14,local_infections_outside_initial_region,100,20,52.419,55.166000000000004,-2.747,-4.1791624999999994,-1.3334124999999994
0.2,0.1,12,2,0.025,12,random,28-14,28,14,infectious_arrival_observed,100,20,0.7,0.7155000000000001,-0.015499999999999998,-0.027499999999999997,-0.0034999999999999975
0.2,0.1,12,2,0.025,12,random,28-14,28,14,local_secondary_infection_observed,100,20,0.6995,0.7144999999999999,-0.014999999999999996,-0.026999999999999993,-0.0034999999999999953
0.2,0.1,12,2,0.025,33,betweenness,28-14,28,14,final_attack_rate,100,20,0.4524,0.4682,-0.015799999999999995,-0.0448525,0.015552499999999993
0.2,0.1,12,2,0.025,33,betweenness,28-14,28,14,affected_tanks,100,20,8.61,8.86,-0.25,-0.80025,0.36
0.2,0.1,12,2,0.025,33,betweenness,28-14,28,14,infectious_cross_region_transfers,100,20,4.65,4.9,-0.25,-0.67,0.19
0.2,0.1,12,2,0.025,33,betweenness,28-14,28,14,regions_visited_by_I,100,20,2.42,2.45,-0.03,-0.16,0.11
0.2,0.1,12,2,0.025,33,betweenness,28-14,28,14,regions_with_local_transmission,100,20,2.39,2.42,-0.03,-0.16,0.11
0.2,0.1,12,2,0.025,33,betweenness,28-14,28,14,local_infections_outside_initial_region,100,20,49.16,52.87,-3.71,-9.14,2.280749999999996
0.2,0.1,12,2,0.025,33,betweenness,28-14,28,14,infectious_arrival_observed,100,20,0.74,0.73,0.01,-0.02,0.040249999999998634
0.2,0.1,12,2,0.025,33,betweenness,28-14,28,14,local_secondary_infection_observed,100,20,0.74,0.73,0.01,-0.02,0.040249999999998634
0.2,0.1,12,2,0.025,33,random,28-14,28,14,final_attack_rate,100,20,0.49881750000000014,0.5064124999999999,-0.007595000000000001,-0.015180374999999998,-0.0012748749999999971
0.2,0.1,12,2,0.025,33,random,28-14,28,14,affected_tanks,100,20,9.511999999999999,9.6485,-0.13649999999999995,-0.2910124999999999,-0.01248750000000017
0.2,0.1,12,2,0.025,33,random,28-14,28,14,infectious_cross_region_transfers,100,20,5.519499999999999,5.6195,-0.10000000000000005,-0.22699999999999998,0.021512499999999962
0.2,0.1,12,2,0.025,33,random,28-14,28,14,regions_visited_by_I,100,20,2.5825,2.6115,-0.029000000000000012,-0.065,-0.0035000000000000118
0.2,0.1,12,2,0.025,33,random,28-14,28,14,regions_with_local_transmission,100,20,2.5505,2.579,-0.02850000000000001,-0.06450000000000002,-0.003000000000000034
0.2,0.1,12,2,0.025,33,random,28-14,28,14,local_infections_outside_initial_region,100,20,57.52349999999999,58.9175,-1.3939999999999995,-2.716875,-0.23746249999999927
0.2,0.1,12,2,0.025,33,random,28-14,28,14,infectious_arrival_observed,100,20,0.7495,0.758,-0.0085,-0.018000000000000002,-0.0020000000000000013
0.2,0.1,12,2,0.025,33,random,28-14,28,14,local_secondary_infection_observed,100,20,0.748,0.7565000000000001,-0.0085,-0.018000000000000002,-0.0024999999999999996
