beta,gamma,capacity,k,transfer_rate,quarantine_duration,strategy,contrast,response_delay_left,response_delay_right,metric,blocks,networks,mean_left,mean_right,mean_diff,ci95_low,ci95_high
0.2,0.1,12,2,0.01,14,betweenness,12-1,12,1,final_attack_rate,100,20,0.1531,0.15220000000000003,0.0009,-0.01035,0.013302499999999988
0.2,0.1,12,2,0.01,14,betweenness,12-1,12,1,affected_tanks,100,20,2.88,2.84,0.04,-0.17024999999999998,0.28024999999999867
0.2,0.1,12,2,0.01,14,random,12-1,12,1,final_attack_rate,100,20,0.15011666666666668,0.14775,0.002366666666666666,-0.0050670833333333375,0.009650416666666663
0.2,0.1,12,2,0.01,14,random,12-1,12,1,affected_tanks,100,20,2.793333333333333,2.736666666666667,0.05666666666666665,-0.09000000000000004,0.20333333333333337
0.2,0.1,12,2,0.025,14,betweenness,12-1,12,1,final_attack_rate,100,20,0.46659999999999996,0.4635000000000001,0.003100000000000005,-0.06391000000000001,0.06180999999999994
0.2,0.1,12,2,0.025,14,betweenness,12-1,12,1,affected_tanks,100,20,9.01,8.84,0.17,-1.1604999999999999,1.3702499999999986
0.2,0.1,12,2,0.025,14,random,12-1,12,1,final_attack_rate,100,20,0.4859666666666667,0.4786166666666667,0.007350000000000006,-0.02676875,0.04395166666666665
0.2,0.1,12,2,0.025,14,random,12-1,12,1,affected_tanks,100,20,9.21,9.07,0.14000000000000004,-0.5535000000000001,0.8866666666666666
0.2,0.1,12,2,0.1,14,betweenness,12-1,12,1,final_attack_rate,100,20,0.95205,0.9506,0.001449999999999999,-0.023351250000000004,0.03010249999999998
0.2,0.1,12,2,0.1,14,betweenness,12-1,12,1,affected_tanks,100,20,19.03,18.99,0.04,-0.46,0.63
0.2,0.1,12,2,0.1,14,random,12-1,12,1,final_attack_rate,100,20,0.9551999999999999,0.9569999999999999,-0.0017999999999999932,-0.013471249999999999,0.00986708333333334
0.2,0.1,12,2,0.1,14,random,12-1,12,1,affected_tanks,100,20,19.076666666666664,19.130000000000003,-0.05333333333333329,-0.2933333333333333,0.1866666666666667
0.2,0.1,12,2,0.01,14,betweenness,33-1,33,1,final_attack_rate,100,20,0.15395000000000003,0.15220000000000003,0.0017500000000000005,-0.008903750000000002,0.013199999999999998
0.2,0.1,12,2,0.01,14,betweenness,33-1,33,1,affected_tanks,100,20,2.87,2.84,0.03,-0.19,0.27
0.2,0.1,12,2,0.01,14,random,33-1,33,1,final_attack_rate,100,20,0.15263333333333334,0.14775,0.004883333333333334,-0.003383333333333323,0.013450416666666664
0.2,0.1,12,2,0.01,14,random,33-1,33,1,affected_tanks,100,20,2.833333333333333,2.736666666666667,0.09666666666666664,-0.05675000000000003,0.2533333333333333
0.2,0.1,12,2,0.025,14,betweenness,33-1,33,1,final_attack_rate,100,20,0.4682,0.4635000000000001,0.004699999999999999,-0.044706249999999996,0.05420249999999999
0.2,0.1,12,2,0.025,14,betweenness,33-1,33,1,affected_tanks,100,20,8.86,8.84,0.02,-1.02,1.04
0.2,0.1,12,2,0.025,14,random,33-1,33,1,final_attack_rate,100,20,0.50815,0.4786166666666667,0.02953333333333333,-0.0037070833333333296,0.06553374999999997
0.2,0.1,12,2,0.025,14,random,33-1,33,1,affected_tanks,100,20,9.693333333333335,9.07,0.6233333333333333,-0.07341666666666685,1.3568333333333327
0.2,0.1,12,2,0.1,14,betweenness,33-1,33,1,final_attack_rate,100,20,0.9641,0.9506,0.013499999999999996,-0.0069500000000000004,0.04250125
0.2,0.1,12,2,0.1,14,betweenness,33-1,33,1,affected_tanks,100,20,19.27,18.99,0.28,-0.14,0.87
0.2,0.1,12,2,0.1,14,random,33-1,33,1,final_attack_rate,100,20,0.9689,0.9569999999999999,0.011899999999999996,0.0034995833333333263,0.02183333333333333
0.2,0.1,12,2,0.1,14,random,33-1,33,1,affected_tanks,100,20,19.37333333333333,19.130000000000003,0.2433333333333334,0.07325000000000001,0.4433333333333333
0.2,0.1,12,2,0.01,14,betweenness,33-12,33,12,final_attack_rate,100,20,0.15395000000000003,0.1531,0.00085,-0.005900000000000001,0.007749999999999999
0.2,0.1,12,2,0.01,14,betweenness,33-12,33,12,affected_tanks,100,20,2.87,2.88,-0.01,-0.13,0.12
0.2,0.1,12,2,0.01,14,random,33-12,33,12,final_attack_rate,100,20,0.15263333333333334,0.15011666666666668,0.0025166666666666684,-0.004266666666666662,0.011034166666666661
0.2,0.1,12,2,0.01,14,random,33-12,33,12,affected_tanks,100,20,2.833333333333333,2.793333333333333,0.03999999999999999,-0.09333333333333332,0.19999999999999996
0.2,0.1,12,2,0.025,14,betweenness,33-12,33,12,final_attack_rate,100,20,0.4682,0.46659999999999996,0.0016000000000000003,-0.044401249999999996,0.05061374999999992
0.2,0.1,12,2,0.025,14,betweenness,33-12,33,12,affected_tanks,100,20,8.86,9.01,-0.15,-1.11,0.85
0.2,0.1,12,2,0.025,14,random,33-12,33,12,final_attack_rate,100,20,0.50815,0.4859666666666667,0.02218333333333333,-0.00848416666666667,0.051049999999999984
0.2,0.1,12,2,0.025,14,random,33-12,33,12,affected_tanks,100,20,9.693333333333335,9.21,0.48333333333333345,-0.1334166666666666,1.09
0.2,0.1,12,2,0.1,14,betweenness,33-12,33,12,final_attack_rate,100,20,0.9641,0.95205,0.012049999999999998,-0.0006000000000000005,0.03055374999999998
0.2,0.1,12,2,0.1,14,betweenness,33-12,33,12,affected_tanks,100,20,19.27,19.03,0.24,-0.02,0.6102499999999986
0.2,0.1,12,2,0.1,14,random,33-12,33,12,final_attack_rate,100,20,0.9689,0.9551999999999999,0.013699999999999988,0.004999166666666652,0.025283749999999997
0.2,0.1,12,2,0.1,14,random,33-12,33,12,affected_tanks,100,20,19.37333333333333,19.076666666666664,0.2966666666666667,0.11666666666666664,0.53
