network_seed,attempt,network_hash,top_k,top_k_regions,tie_groups,n_edges,n_intra_edges,n_inter_edges,mean_degree,min_degree,max_degree,density,clustering,modularity,diameter
200,0,aa8508599bfc7e8f,"19,17","3,3",2,36,28,8,3.6,1,7,0.18947368421052632,0.5126190476190475,0.5216049382716049,6
201,0,302258e31ecc1c56,"8,18","1,3",3,28,22,6,2.8,1,7,0.14736842105263157,0.4471428571428572,0.5286989795918368,6
202,0,4a7ed46a0e115bcb,"15,13","3,2",1,37,24,13,3.7,2,7,0.19473684210526315,0.38785714285714284,0.39481373265157055,4
203,0,d70ae988dd97e46a,"19,11","3,2",2,30,21,9,3.0,1,6,0.15789473684210525,0.29833333333333334,0.43833333333333335,6
204,1,bbec20dc7e4642d9,"11,0","2,0",1,33,25,8,3.3,1,6,0.1736842105263158,0.37,0.49954086317722685,6
205,0,5459889ba1e08d9e,"17,6","3,1",0,40,30,10,4.0,2,6,0.21052631578947367,0.4333333333333333,0.4884375,5
206,0,7946293173eda7a6,"1,9","0,1",1,32,27,5,3.2,1,6,0.16842105263157894,0.5466666666666666,0.58349609375,6
207,1,2df06637baeac113,"5,14","1,2",3,38,29,9,3.8,2,6,0.2,0.5216666666666667,0.5069252077562326,6
208,0,c10ee81d64659586,"2,12","0,2",2,32,25,7,3.2,1,5,0.16842105263157894,0.29833333333333334,0.52490234375,6
209,0,dc7b95bfe4a09697,"7,18","1,3",1,36,27,9,3.6,2,6,0.18947368421052632,0.4683333333333334,0.4926697530864197,5
210,0,760f02010315000e,"17,15","3,3",4,37,29,8,3.7,2,6,0.19473684210526315,0.4,0.5314097881665449,5
211,0,1729963ad406aea2,"9,19","1,3",3,30,24,6,3.0,1,4,0.15789473684210525,0.275,0.5361111111111111,6
212,0,71e926f0d685d38f,"13,1","2,0",2,37,32,5,3.7,1,5,0.19473684210526315,0.6033333333333333,0.6099342585829073,6
213,0,0084c0fc8f0c5000,"9,6","1,1",1,35,26,9,3.5,2,6,0.18421052631578946,0.38166666666666665,0.4844897959183674,5
214,0,3a3eaf168bad9805,"3,17","0,3",1,32,24,8,3.2,1,5,0.16842105263157894,0.38666666666666666,0.49365234375,7
215,0,07514086856bf75e,"14,10","2,2",3,27,22,5,2.7,1,4,0.14210526315789473,0.3083333333333333,0.5617283950617283,9
216,1,d290341871aa55c9,"13,3","2,0",2,28,23,5,2.8,1,6,0.14736842105263157,0.5033333333333333,0.5561224489795918,6
217,0,7fe69216d2f81784,"16,11","3,2",2,33,26,7,3.3,1,6,0.1736842105263158,0.41500000000000004,0.529384756657484,5
218,0,411e86e8b94ff77e,"15,4","3,0",2,33,23,10,3.3,1,5,0.1736842105263158,0.305,0.44582185491276405,6
219,0,45eb9f9cd11bc953,"6,13","1,2",1,35,20,15,3.5,1,6,0.18421052631578946,0.24166666666666664,0.3093877551020408,5
