network_seed,policy_prefix,draws,unique_pairs,duplicate_pair_draws,same_region_draws,same_region_share,draws_covering_region_0,draws_covering_region_1,draws_covering_region_2,draws_covering_region_3,pairs
200,5,5,5,0,2,0.4,2,1,2,3,"[[2, 4], [11, 18], [16, 18], [8, 14], [3, 18]]"
201,5,5,5,0,1,0.2,4,3,0,2,"[[1, 2], [3, 16], [0, 8], [6, 15], [1, 9]]"
202,5,5,5,0,1,0.2,2,3,2,2,"[[4, 15], [8, 17], [0, 14], [5, 13], [5, 9]]"
203,5,5,5,0,2,0.4,2,2,3,1,"[[4, 10], [6, 8], [1, 14], [5, 11], [17, 19]]"
204,5,5,5,0,0,0.0,1,2,2,5,"[[8, 18], [13, 15], [7, 18], [4, 19], [11, 19]]"
205,5,5,5,0,2,0.4,1,2,2,3,"[[9, 15], [0, 6], [16, 18], [12, 18], [13, 14]]"
206,5,5,4,1,0,0.0,2,4,1,3,"[[7, 17], [2, 9], [3, 18], [7, 17], [7, 10]]"
207,5,5,5,0,1,0.2,0,4,2,3,"[[8, 17], [10, 14], [9, 15], [7, 15], [9, 11]]"
208,5,5,5,0,2,0.4,1,0,3,4,"[[3, 18], [13, 16], [16, 17], [10, 16], [10, 14]]"
209,5,5,5,0,3,0.6,3,2,1,1,"[[13, 17], [6, 8], [0, 1], [0, 3], [1, 6]]"
210,5,5,5,0,2,0.4,4,1,1,2,"[[1, 4], [0, 4], [4, 16], [7, 10], [0, 15]]"
211,5,5,5,0,1,0.2,1,2,4,2,"[[8, 14], [12, 18], [8, 11], [16, 19], [1, 10]]"
212,5,5,5,0,1,0.2,3,3,2,1,"[[3, 8], [12, 13], [1, 6], [2, 8], [10, 17]]"
213,5,5,5,0,1,0.2,1,3,2,3,"[[7, 17], [5, 19], [12, 17], [2, 4], [6, 13]]"
214,5,5,5,0,1,0.2,2,1,2,4,"[[1, 18], [16, 17], [4, 16], [8, 14], [12, 19]]"
215,5,5,5,0,2,0.4,1,4,2,1,"[[11, 13], [9, 12], [3, 6], [6, 9], [9, 15]]"
216,5,5,5,0,1,0.2,4,2,3,0,"[[0, 1], [3, 10], [3, 5], [2, 12], [6, 12]]"
217,5,5,5,0,1,0.2,3,1,4,1,"[[0, 14], [2, 10], [5, 13], [11, 12], [3, 16]]"
218,5,5,5,0,3,0.6,3,2,1,1,"[[2, 8], [15, 16], [0, 2], [9, 11], [2, 4]]"
219,5,5,5,0,1,0.2,1,4,3,1,"[[8, 12], [7, 12], [16, 18], [9, 13], [1, 7]]"
200,10,10,9,1,3,0.3,3,4,5,5,"[[2, 4], [11, 18], [16, 18], [8, 14], [3, 18], [9, 13], [5, 10], [9, 19], [11, 15], [2, 4]]"
201,10,10,9,1,2,0.2,6,7,1,4,"[[1, 2], [3, 16], [0, 8], [6, 15], [1, 9], [6, 12], [0, 8], [8, 18], [1, 4], [7, 15]]"
202,10,10,10,0,3,0.3,2,7,5,3,"[[4, 15], [8, 17], [0, 14], [5, 13], [5, 9], [15, 18], [6, 13], [6, 12], [6, 7], [9, 14]]"
203,10,10,10,0,3,0.3,6,4,4,3,"[[4, 10], [6, 8], [1, 14], [5, 11], [17, 19], [1, 9], [9, 17], [1, 3], [3, 11], [2, 17]]"
204,10,10,10,0,1,0.1,4,7,2,6,"[[8, 18], [13, 15], [7, 18], [4, 19], [11, 19], [3, 8], [5, 8], [5, 15], [4, 8], [4, 6]]"
205,10,10,10,0,4,0.4,3,4,5,4,"[[9, 15], [0, 6], [16, 18], [12, 18], [13, 14], [0, 4], [0, 12], [13, 15], [6, 9], [8, 11]]"
206,10,10,9,1,0,0.0,5,5,3,7,"[[7, 17], [2, 9], [3, 18], [7, 17], [7, 10], [1, 10], [0, 15], [9, 18], [1, 19], [14, 19]]"
207,10,10,10,0,2,0.2,3,5,3,7,"[[8, 17], [10, 14], [9, 15], [7, 15], [9, 11], [4, 15], [17, 19], [0, 15], [4, 6], [13, 16]]"
208,10,10,10,0,2,0.2,3,2,6,7,"[[3, 18], [13, 16], [16, 17], [10, 16], [10, 14], [10, 17], [6, 15], [1, 9], [1, 11], [13, 18]]"
209,10,10,10,0,5,0.5,3,5,3,4,"[[13, 17], [6, 8], [0, 1], [0, 3], [1, 6], [6, 15], [5, 13], [7, 9], [11, 16], [17, 18]]"
210,10,10,10,0,2,0.2,7,4,5,2,"[[1, 4], [0, 4], [4, 16], [7, 10], [0, 15], [4, 13], [6, 10], [3, 12], [2, 8], [5, 12]]"
211,10,10,10,0,4,0.4,3,3,7,3,"[[8, 14], [12, 18], [8, 11], [16, 19], [1, 10], [0, 12], [7, 8], [16, 17], [12, 14], [3, 12]]"
212,10,10,10,0,3,0.3,5,5,4,3,"[[3, 8], [12, 13], [1, 6], [2, 8], [10, 17], [1, 4], [2, 7], [16, 17], [5, 14], [11, 18]]"
213,10,10,10,0,2,0.2,4,5,2,7,"[[7, 17], [5, 19], [12, 17], [2, 4], [6, 13], [2, 16], [4, 9], [1, 15], [6, 17], [15, 16]]"
214,10,10,10,0,2,0.2,4,3,4,7,"[[1, 18], [16, 17], [4, 16], [8, 14], [12, 19], [11, 16], [3, 14], [0, 15], [7, 8], [5, 17]]"
215,10,10,10,0,4,0.4,3,7,4,2,"[[11, 13], [9, 12], [3, 6], [6, 9], [9, 15], [1, 15], [5, 14], [2, 7], [6, 7], [12, 13]]"
216,10,10,10,0,1,0.1,6,5,7,1,"[[0, 1], [3, 10], [3, 5], [2, 12], [6, 12], [9, 12], [0, 19], [0, 10], [8, 13], [9, 10]]"
217,10,10,10,0,3,0.3,5,2,6,4,"[[0, 14], [2, 10], [5, 13], [11, 12], [3, 16], [10, 16], [0, 3], [3, 19], [6, 15], [11, 13]]"
218,10,10,8,2,5,0.5,5,2,4,4,"[[2, 8], [15, 16], [0, 2], [9, 11], [2, 4], [2, 4], [3, 13], [10, 19], [14, 17], [15, 16]]"
219,10,10,10,0,2,0.2,5,5,6,2,"[[8, 12], [7, 12], [16, 18], [9, 13], [1, 7], [2, 16], [3, 14], [6, 9], [1, 10], [2, 11]]"
200,20,20,17,3,5,0.25,4,11,10,10,"[[2, 4], [11, 18], [16, 18], [8, 14], [3, 18], [9, 13], [5, 10], [9, 19], [11, 15], [2, 4], [9, 11], [7, 8], [1, 4], [14, 17], [8, 16], [5, 10], [13, 15], [9, 11], [5, 19], [8, 17]]"
201,20,20,19,1,6,0.3,9,12,7,6,"[[1, 2], [3, 16], [0, 8], [6, 15], [1, 9], [6, 12], [0, 8], [8, 18], [1, 4], [7, 15], [0, 14], [5, 14], [11, 14], [8, 10], [18, 19], [7, 16], [5, 6], [2, 13], [3, 11], [8, 9]]"
202,20,20,19,1,7,0.35,7,13,7,6,"[[4, 15], [8, 17], [0, 14], [5, 13], [5, 9], [15, 18], [6, 13], [6, 12], [6, 7], [9, 14], [2, 12], [2, 7], [0, 8], [5, 8], [3, 4], [12, 13], [6, 7], [0, 18], [7, 19], [5, 19]]"
203,20,20,18,2,4,0.2,10,10,11,5,"[[4, 10], [6, 8], [1, 14], [5, 11], [17, 19], [1, 9], [9, 17], [1, 3], [3, 11], [2, 17], [10, 18], [3, 11], [11, 13], [2, 16], [2, 8], [9, 13], [9, 11], [2, 8], [7, 10], [8, 14]]"
204,20,20,19,1,6,0.3,7,9,5,13,"[[8, 18], [13, 15], [7, 18], [4, 19], [11, 19], [3, 8], [5, 8], [5, 15], [4, 8], [4, 6], [6, 8], [15, 17], [18, 19], [4, 17], [0, 11], [8, 17], [0, 13], [15, 17], [17, 19], [10, 18]]"
205,20,20,20,0,7,0.35,8,7,10,8,"[[9, 15], [0, 6], [16, 18], [12, 18], [13, 14], [0, 4], [0, 12], [13, 15], [6, 9], [8, 11], [9, 17], [0, 10], [5, 11], [13, 18], [0, 2], [4, 12], [4, 6], [3, 4], [15, 19], [11, 17]]"
206,20,20,19,1,1,0.05,8,13,8,10,"[[7, 17], [2, 9], [3, 18], [7, 17], [7, 10], [1, 10], [0, 15], [9, 18], [1, 19], [14, 19], [8, 14], [15, 18], [5, 15], [4, 9], [9, 14], [10, 19], [4, 8], [7, 11], [0, 5], [5, 14]]"
207,20,20,20,0,5,0.25,9,9,7,10,"[[8, 17], [10, 14], [9, 15], [7, 15], [9, 11], [4, 15], [17, 19], [0, 15], [4, 6], [13, 16], [1, 6], [10, 12], [0, 19], [3, 10], [1, 3], [1, 13], [2, 8], [14, 15], [9, 18], [6, 9]]"
208,20,20,18,2,4,0.2,5,5,16,10,"[[3, 18], [13, 16], [16, 17], [10, 16], [10, 14], [10, 17], [6, 15], [1, 9], [1, 11], [13, 18], [4, 12], [14, 19], [9, 12], [10, 14], [13, 16], [9, 10], [2, 10], [11, 17], [11, 12], [7, 12]]"
209,20,20,17,3,11,0.55,7,8,5,9,"[[13, 17], [6, 8], [0, 1], [0, 3], [1, 6], [6, 15], [5, 13], [7, 9], [11, 16], [17, 18], [16, 18], [5, 15], [7, 9], [3, 4], [16, 18], [3, 15], [7, 12], [0, 1], [11, 12], [0, 16]]"
210,20,20,20,0,6,0.3,13,7,9,5,"[[1, 4], [0, 4], [4, 16], [7, 10], [0, 15], [4, 13], [6, 10], [3, 12], [2, 8], [5, 12], [3, 9], [0, 8], [3, 4], [0, 1], [1, 11], [13, 14], [14, 15], [10, 15], [2, 9], [16, 19]]"
211,20,20,20,0,5,0.25,9,7,13,6,"[[8, 14], [12, 18], [8, 11], [16, 19], [1, 10], [0, 12], [7, 8], [16, 17], [12, 14], [3, 12], [11, 18], [2, 14], [3, 7], [1, 7], [4, 12], [2, 4], [11, 15], [6, 14], [2, 6], [12, 19]]"
212,20,20,18,2,6,0.3,11,10,7,6,"[[3, 8], [12, 13], [1, 6], [2, 8], [10, 17], [1, 4], [2, 7], [16, 17], [5, 14], [11, 18], [1, 7], [2, 9], [16, 17], [1, 10], [3, 8], [15, 18], [8, 18], [0, 1], [6, 14], [1, 14]]"
213,20,20,20,0,4,0.2,9,10,7,10,"[[7, 17], [5, 19], [12, 17], [2, 4], [6, 13], [2, 16], [4, 9], [1, 15], [6, 17], [15, 16], [16, 17], [9, 11], [3, 13], [2, 10], [5, 6], [0, 12], [3, 10], [1, 7], [7, 18], [9, 15]]"
214,20,20,19,1,5,0.25,7,6,8,14,"[[1, 18], [16, 17], [4, 16], [8, 14], [12, 19], [11, 16], [3, 14], [0, 15], [7, 8], [5, 17], [8, 9], [18, 19], [3, 17], [8, 19], [1, 11], [16, 18], [13, 15], [10, 15], [1, 8], [10, 15]]"
215,20,20,19,1,5,0.25,10,11,11,3,"[[11, 13], [9, 12], [3, 6], [6, 9], [9, 15], [1, 15], [5, 14], [2, 7], [6, 7], [12, 13], [1, 2], [5, 11], [4, 14], [2, 11], [2, 8], [2, 9], [0, 10], [13, 17], [5, 14], [3, 11]]"
216,20,20,20,0,5,0.25,11,8,10,6,"[[0, 1], [3, 10], [3, 5], [2, 12], [6, 12], [9, 12], [0, 19], [0, 10], [8, 13], [9, 10], [1, 4], [13, 18], [2, 5], [7, 16], [11, 13], [3, 15], [2, 19], [6, 16], [10, 11], [0, 3]]"
217,20,20,18,2,7,0.35,10,3,12,8,"[[0, 14], [2, 10], [5, 13], [11, 12], [3, 16], [10, 16], [0, 3], [3, 19], [6, 15], [11, 13], [0, 14], [16, 19], [1, 10], [4, 16], [1, 14], [12, 13], [12, 17], [16, 19], [5, 14], [0, 2]]"
218,20,20,18,2,8,0.4,10,6,9,7,"[[2, 8], [15, 16], [0, 2], [9, 11], [2, 4], [2, 4], [3, 13], [10, 19], [14, 17], [15, 16], [4, 19], [16, 19], [7, 9], [0, 11], [7, 13], [0, 9], [1, 10], [5, 9], [10, 18], [4, 12]]"
219,20,20,19,1,8,0.4,10,7,10,5,"[[8, 12], [7, 12], [16, 18], [9, 13], [1, 7], [2, 16], [3, 14], [6, 9], [1, 10], [2, 11], [1, 17], [3, 13], [10, 13], [1, 4], [16, 18], [3, 15], [6, 8], [11, 14], [0, 3], [7, 14]]"
