beta,gamma,capacity,k,transfer_rate,quarantine_duration,response_delay,metric,policy_prefix,networks,mean_random,mean_targeted,mean_diff,conditional_policy_mcse,conditional_mcse_scope
0.2,0.1,12,2,0.025,7,1,final_attack_rate,5,20,0.50619,0.5015999999999999,-0.004590000000000094,0.008516102394875252,recorded networks and epidemic draws fixed
0.2,0.1,12,2,0.025,7,1,affected_tanks,5,20,9.66,9.61,-0.05000000000000071,0.1735972350010218,recorded networks and epidemic draws fixed
0.2,0.1,12,2,0.025,7,12,final_attack_rate,5,20,0.48571000000000003,0.47259999999999996,-0.013110000000000066,0.0074605060150099755,recorded networks and epidemic draws fixed
0.2,0.1,12,2,0.025,7,12,affected_tanks,5,20,9.226,8.96,-0.266,0.1498866238194723,recorded networks and epidemic draws fixed
0.2,0.1,12,2,0.025,7,33,final_attack_rate,5,20,0.5172,0.48655000000000004,-0.030649999999999955,0.004585040894037914,recorded networks and epidemic draws fixed
0.2,0.1,12,2,0.025,7,33,affected_tanks,5,20,9.898,9.22,-0.677999999999999,0.093936148526539,recorded networks and epidemic draws fixed
0.2,0.1,12,2,0.025,14,1,final_attack_rate,5,20,0.48140000000000005,0.4635,-0.017900000000000027,0.00979837996813759,recorded networks and epidemic draws fixed
0.2,0.1,12,2,0.025,14,1,affected_tanks,5,20,9.138,8.84,-0.29800000000000004,0.19531000998412756,recorded networks and epidemic draws fixed
0.2,0.1,12,2,0.025,14,12,final_attack_rate,5,20,0.4737400000000001,0.46659999999999996,-0.007140000000000146,0.008302984403213101,recorded networks and epidemic draws fixed
0.2,0.1,12,2,0.025,14,12,affected_tanks,5,20,8.968,9.01,0.041999999999999815,0.16577695859195873,recorded networks and epidemic draws fixed
0.2,0.1,12,2,0.025,14,33,final_attack_rate,5,20,0.5024400000000001,0.4682,-0.034240000000000104,0.004643290858862925,recorded networks and epidemic draws fixed
0.2,0.1,12,2,0.025,14,33,affected_tanks,5,20,9.578,8.86,-0.718,0.09564517760974674,recorded networks and epidemic draws fixed
0.2,0.1,12,2,0.025,28,1,final_attack_rate,5,20,0.4332499999999999,0.3948,-0.03844999999999993,0.012615300234239374,recorded networks and epidemic draws fixed
0.2,0.1,12,2,0.025,28,1,affected_tanks,5,20,8.22,7.55,-0.6700000000000008,0.24966377390402478,recorded networks and epidemic draws fixed
0.2,0.1,12,2,0.025,28,12,final_attack_rate,5,20,0.4628399999999999,0.4019,-0.06093999999999994,0.00896853666993674,recorded networks and epidemic draws fixed
0.2,0.1,12,2,0.025,28,12,affected_tanks,5,20,8.780000000000001,7.73,-1.0500000000000007,0.17888543819998318,recorded networks and epidemic draws fixed
0.2,0.1,12,2,0.025,28,33,final_attack_rate,5,20,0.50115,0.4524,-0.04874999999999996,0.006357818021931738,recorded networks and epidemic draws fixed
0.2,0.1,12,2,0.025,28,33,affected_tanks,5,20,9.576,8.61,-0.9660000000000011,0.13167383946707106,recorded networks and epidemic draws fixed
0.2,0.1,12,2,0.025,7,1,final_attack_rate,10,20,0.513295,0.5015999999999999,-0.011695000000000011,0.006428823764888877,recorded networks and epidemic draws fixed
0.2,0.1,12,2,0.025,7,1,affected_tanks,10,20,9.777000000000001,9.61,-0.1670000000000016,0.13099660725038306,recorded networks and epidemic draws fixed
0.2,0.1,12,2,0.025,7,12,final_attack_rate,10,20,0.48989499999999997,0.47259999999999996,-0.017295000000000005,0.00523834499945673,recorded networks and epidemic draws fixed
0.2,0.1,12,2,0.025,7,12,affected_tanks,10,20,9.321,8.96,-0.3609999999999989,0.10513219191940107,recorded networks and epidemic draws fixed
0.2,0.1,12,2,0.025,7,33,final_attack_rate,10,20,0.51922,0.48655000000000004,-0.03266999999999998,0.0035031509625859216,recorded networks and epidemic draws fixed
0.2,0.1,12,2,0.025,7,33,affected_tanks,10,20,9.942,9.22,-0.7219999999999995,0.07208945060748409,recorded networks and epidemic draws fixed
0.2,0.1,12,2,0.025,14,1,final_attack_rate,10,20,0.4964700000000001,0.4635,-0.032970000000000055,0.007382645189903142,recorded networks and epidemic draws fixed
0.2,0.1,12,2,0.025,14,1,affected_tanks,10,20,9.44,8.84,-0.5999999999999996,0.147408728823409,recorded networks and epidemic draws fixed
0.2,0.1,12,2,0.025,14,12,final_attack_rate,10,20,0.47645,0.46659999999999996,-0.009850000000000025,0.006103716081208235,recorded networks and epidemic draws fixed
0.2,0.1,12,2,0.025,14,12,affected_tanks,10,20,9.046,9.01,-0.03599999999999959,0.12196447570228527,recorded networks and epidemic draws fixed
0.2,0.1,12,2,0.025,14,33,final_attack_rate,10,20,0.50478,0.4682,-0.03658,0.0037769468857501527,recorded networks and epidemic draws fixed
0.2,0.1,12,2,0.025,14,33,affected_tanks,10,20,9.618,8.86,-0.7580000000000009,0.07655934517309648,recorded networks and epidemic draws fixed
0.2,0.1,12,2,0.025,28,1,final_attack_rate,10,20,0.447145,0.3948,-0.05234500000000003,0.008812250154062683,recorded networks and epidemic draws fixed
0.2,0.1,12,2,0.025,28,1,affected_tanks,10,20,8.501,7.55,-0.9509999999999996,0.17447413052433364,recorded networks and epidemic draws fixed
0.2,0.1,12,2,0.025,28,12,final_attack_rate,10,20,0.46490000000000004,0.4019,-0.06300000000000006,0.00636522802244961,recorded networks and epidemic draws fixed
0.2,0.1,12,2,0.025,28,12,affected_tanks,10,20,8.837,7.73,-1.1069999999999993,0.12760398809511314,recorded networks and epidemic draws fixed
0.2,0.1,12,2,0.025,28,33,final_attack_rate,10,20,0.49796999999999997,0.4524,-0.045569999999999944,0.004724331816364205,recorded networks and epidemic draws fixed
0.2,0.1,12,2,0.025,28,33,affected_tanks,10,20,9.499,8.61,-0.8890000000000011,0.09553417073371065,recorded networks and epidemic draws fixed
0.2,0.1,12,2,0.025,7,1,final_attack_rate,20,20,0.5089374999999999,0.5015999999999999,-0.007337499999999997,0.0041259197937837866,recorded networks and epidemic draws fixed
0.2,0.1,12,2,0.025,7,1,affected_tanks,20,20,9.683,9.61,-0.0730000000000004,0.0840579374128658,recorded networks and epidemic draws fixed
0.2,0.1,12,2,0.025,7,12,final_attack_rate,20,20,0.48834500000000003,0.47259999999999996,-0.015745000000000064,0.003911553147576521,recorded networks and epidemic draws fixed
0.2,0.1,12,2,0.025,7,12,affected_tanks,20,20,9.279000000000002,8.96,-0.31900000000000084,0.07832254498311185,recorded networks and epidemic draws fixed
0.2,0.1,12,2,0.025,7,33,final_attack_rate,20,20,0.5201225,0.48655000000000004,-0.033572500000000005,0.002608398064047417,recorded networks and epidemic draws fixed
0.2,0.1,12,2,0.025,7,33,affected_tanks,20,20,9.9495,9.22,-0.7294999999999998,0.05394283036111862,recorded networks and epidemic draws fixed
0.2,0.1,12,2,0.025,14,1,final_attack_rate,20,20,0.49420500000000006,0.4635,-0.030705000000000038,0.00494063022029419,recorded networks and epidemic draws fixed
0.2,0.1,12,2,0.025,14,1,affected_tanks,20,20,9.383500000000002,8.84,-0.5435000000000016,0.09937032014799886,recorded networks and epidemic draws fixed
0.2,0.1,12,2,0.025,14,12,final_attack_rate,20,20,0.48054,0.46659999999999996,-0.013940000000000063,0.0041973784111413864,recorded networks and epidemic draws fixed
0.2,0.1,12,2,0.025,14,12,affected_tanks,20,20,9.145,9.01,-0.1349999999999998,0.08496175610237819,recorded networks and epidemic draws fixed
0.2,0.1,12,2,0.025,14,33,final_attack_rate,20,20,0.5064125,0.4682,-0.03821250000000004,0.002807723429268481,recorded networks and epidemic draws fixed
0.2,0.1,12,2,0.025,14,33,affected_tanks,20,20,9.6485,8.86,-0.7885000000000009,0.05747550965869129,recorded networks and epidemic draws fixed
0.2,0.1,12,2,0.025,28,1,final_attack_rate,20,20,0.45067499999999994,0.3948,-0.05587499999999995,0.005637385370523243,recorded networks and epidemic draws fixed
0.2,0.1,12,2,0.025,28,1,affected_tanks,20,20,8.568999999999999,7.55,-1.0189999999999992,0.11097759375562921,recorded networks and epidemic draws fixed
0.2,0.1,12,2,0.025,28,12,final_attack_rate,20,20,0.463095,0.4019,-0.061195,0.0045064745819647905,recorded networks and epidemic draws fixed
0.2,0.1,12,2,0.025,28,12,affected_tanks,20,20,8.809,7.73,-1.0789999999999988,0.08988062258234239,recorded networks and epidemic draws fixed
0.2,0.1,12,2,0.025,28,33,final_attack_rate,20,20,0.49881749999999997,0.4524,-0.046417499999999945,0.0030774554274424085,recorded networks and epidemic draws fixed
0.2,0.1,12,2,0.025,28,33,affected_tanks,20,20,9.512,8.61,-0.902000000000001,0.06297681277556384,recorded networks and epidemic draws fixed
