beta,gamma,capacity,k,transfer_rate,quarantine_duration,response_delay,contrast,metric,blocks,networks,mean_left,mean_right,mean_diff,ci95_low,ci95_high
0.2,0.1,12,2,0.025,7,1,betweenness-random,final_attack_rate,100,20,0.5016,0.5089375,-0.0073374999999999925,-0.04631768749999999,0.029179749999999997
0.2,0.1,12,2,0.025,7,1,betweenness-random,affected_tanks,100,20,9.61,9.683,-0.07300000000000004,-0.8360124999999999,0.6945249999999998
0.2,0.1,12,2,0.025,7,1,betweenness-random,infectious_cross_region_transfers,100,20,5.43,5.651,-0.22099999999999995,-0.9572124999999998,0.5676749999999992
0.2,0.1,12,2,0.025,7,1,betweenness-random,regions_visited_by_I,100,20,2.52,2.5745,-0.05450000000000003,-0.22601250000000006,0.10949999999999997
0.2,0.1,12,2,0.025,7,1,betweenness-random,regions_with_local_transmission,100,20,2.5,2.546,-0.04600000000000001,-0.2155,0.11501249999999993
0.2,0.1,12,2,0.025,7,1,betweenness-random,local_infections_outside_initial_region,100,20,58.7,59.68950000000001,-0.989499999999999,-8.136625,5.9957624999999934
0.2,0.1,12,2,0.025,7,1,betweenness-random,infectious_arrival_observed,100,20,0.73,0.7395,-0.009499999999999995,-0.076025,0.051
0.2,0.1,12,2,0.025,7,1,betweenness-random,local_secondary_infection_observed,100,20,0.73,0.7384999999999999,-0.008499999999999995,-0.075,0.05151249999999993
0.2,0.1,12,2,0.025,7,12,betweenness-random,final_attack_rate,100,20,0.47259999999999996,0.4883449999999999,-0.015745,-0.046878375,0.01704706249999998
0.2,0.1,12,2,0.025,7,12,betweenness-random,affected_tanks,100,20,8.96,9.279,-0.3190000000000002,-0.9480250000000001,0.348837499999998
0.2,0.1,12,2,0.025,7,12,betweenness-random,infectious_cross_region_transfers,100,20,5.07,5.301,-0.231,-0.7505625000000001,0.2845374999999998
0.2,0.1,12,2,0.025,7,12,betweenness-random,regions_visited_by_I,100,20,2.42,2.5105,-0.09050000000000001,-0.23201249999999998,0.04802499999999987
0.2,0.1,12,2,0.025,7,12,betweenness-random,regions_with_local_transmission,100,20,2.4,2.4819999999999998,-0.08199999999999999,-0.22101249999999997,0.05251249999999993
0.2,0.1,12,2,0.025,7,12,betweenness-random,local_infections_outside_initial_region,100,20,53.1,55.931999999999995,-2.831999999999999,-8.595975000000001,3.58965
0.2,0.1,12,2,0.025,7,12,betweenness-random,infectious_arrival_observed,100,20,0.71,0.7234999999999999,-0.013500000000000005,-0.067,0.03751249999999993
0.2,0.1,12,2,0.025,7,12,betweenness-random,local_secondary_infection_observed,100,20,0.71,0.723,-0.013000000000000003,-0.0665,0.038
0.2,0.1,12,2,0.025,7,33,betweenness-random,final_attack_rate,100,20,0.4865499999999999,0.5201224999999998,-0.0335725,-0.058544187500000004,-0.005546687500000011
0.2,0.1,12,2,0.025,7,33,betweenness-random,affected_tanks,100,20,9.22,9.949500000000002,-0.7294999999999999,-1.246,-0.1484625000000002
0.2,0.1,12,2,0.025,7,33,betweenness-random,infectious_cross_region_transfers,100,20,5.16,5.751500000000001,-0.5915,-1.0170875,-0.15096250000000017
0.2,0.1,12,2,0.025,7,33,betweenness-random,regions_visited_by_I,100,20,2.58,2.6430000000000002,-0.06299999999999999,-0.1660125,0.05151249999999994
0.2,0.1,12,2,0.025,7,33,betweenness-random,regions_with_local_transmission,100,20,2.55,2.6125,-0.06249999999999998,-0.16551249999999998,0.05201249999999994
0.2,0.1,12,2,0.025,7,33,betweenness-random,local_infections_outside_initial_region,100,20,55.44,61.354,-5.914,-10.605275,-0.5219874999999998
0.2,0.1,12,2,0.025,7,33,betweenness-random,infectious_arrival_observed,100,20,0.76,0.7655000000000001,-0.005500000000000001,-0.0375,0.023499999999999997
0.2,0.1,12,2,0.025,7,33,betweenness-random,local_secondary_infection_observed,100,20,0.76,0.7655000000000001,-0.005500000000000001,-0.0375,0.023499999999999997
0.2,0.1,12,2,0.025,14,1,betweenness-random,final_attack_rate,100,20,0.4635000000000001,0.49420500000000006,-0.030705,-0.070090625,0.007237499999999952
0.2,0.1,12,2,0.025,14,1,betweenness-random,affected_tanks,100,20,8.84,9.383500000000002,-0.5435,-1.3465124999999998,0.23816249999999903
0.2,0.1,12,2,0.025,14,1,betweenness-random,infectious_cross_region_transfers,100,20,4.9,5.560500000000001,-0.6605,-1.2701375,-0.0684375000000003
0.2,0.1,12,2,0.025,14,1,betweenness-random,regions_visited_by_I,100,20,2.41,2.5365,-0.12649999999999997,-0.251025,0.005500000000000003
0.2,0.1,12,2,0.025,14,1,betweenness-random,regions_with_local_transmission,100,20,2.39,2.5065,-0.11649999999999999,-0.24202499999999996,0.01501249999999994
0.2,0.1,12,2,0.025,14,1,betweenness-random,local_infections_outside_initial_region,100,20,53.16,57.618,-4.457999999999999,-10.957537499999999,1.9378249999999986
0.2,0.1,12,2,0.025,14,1,betweenness-random,infectious_arrival_observed,100,20,0.67,0.727,-0.057,-0.10649999999999998,-0.008487500000000061
0.2,0.1,12,2,0.025,14,1,betweenness-random,local_secondary_infection_observed,100,20,0.67,0.725,-0.055,-0.10399999999999998,-0.006499999999999999
0.2,0.1,12,2,0.025,14,12,betweenness-random,final_attack_rate,100,20,0.46659999999999996,0.48053999999999997,-0.013940000000000001,-0.05008537499999999,0.02088043749999999
0.2,0.1,12,2,0.025,14,12,betweenness-random,affected_tanks,100,20,9.01,9.145,-0.13499999999999998,-0.8485750000000001,0.57
0.2,0.1,12,2,0.025,14,12,betweenness-random,infectious_cross_region_transfers,100,20,4.93,5.164999999999999,-0.23500000000000004,-0.7490749999999998,0.2125874999999996
0.2,0.1,12,2,0.025,14,12,betweenness-random,regions_visited_by_I,100,20,2.42,2.4995000000000003,-0.07949999999999999,-0.231025,0.06501249999999993
0.2,0.1,12,2,0.025,14,12,betweenness-random,regions_with_local_transmission,100,20,2.38,2.468,-0.08800000000000001,-0.2330125,0.05402499999999987
0.2,0.1,12,2,0.025,14,12,betweenness-random,local_infections_outside_initial_region,100,20,54.22,55.166000000000004,-0.9460000000000002,-7.235712500000001,5.3164874999999965
0.2,0.1,12,2,0.025,14,12,betweenness-random,infectious_arrival_observed,100,20,0.67,0.7155000000000001,-0.0455,-0.10151249999999998,0.006000000000000008
0.2,0.1,12,2,0.025,14,12,betweenness-random,local_secondary_infection_observed,100,20,0.67,0.7144999999999999,-0.044500000000000005,-0.0995,0.007000000000000002
0.2,0.1,12,2,0.025,14,33,betweenness-random,final_attack_rate,100,20,0.4682,0.5064124999999999,-0.03821250000000001,-0.061923125,-0.01628700000000003
0.2,0.1,12,2,0.025,14,33,betweenness-random,affected_tanks,100,20,8.86,9.6485,-0.7885,-1.2520375,-0.34342500000000026
0.2,0.1,12,2,0.025,14,33,betweenness-random,infectious_cross_region_transfers,100,20,4.9,5.6195,-0.7195,-1.1145000000000003,-0.26841250000000044
0.2,0.1,12,2,0.025,14,33,betweenness-random,regions_visited_by_I,100,20,2.45,2.6115,-0.16149999999999998,-0.25849999999999995,-0.05697500000000014
0.2,0.1,12,2,0.025,14,33,betweenness-random,regions_with_local_transmission,100,20,2.42,2.579,-0.159,-0.2555,-0.05550000000000001
0.2,0.1,12,2,0.025,14,33,betweenness-random,local_infections_outside_initial_region,100,20,52.87,58.9175,-6.0475,-10.369012499999998,-1.8644499999999993
0.2,0.1,12,2,0.025,14,33,betweenness-random,infectious_arrival_observed,100,20,0.73,0.758,-0.028000000000000004,-0.0675,0.008499999999999999
0.2,0.1,12,2,0.025,14,33,betweenness-random,local_secondary_infection_observed,100,20,0.73,0.7565000000000001,-0.026500000000000003,-0.064525,0.00901249999999993
0.2,0.1,12,2,0.025,28,1,betweenness-random,final_attack_rate,100,20,0.3948000000000001,0.45067500000000005,-0.055875,-0.1139945,0.00477606249999999
0.2,0.1,12,2,0.025,28,1,betweenness-random,affected_tanks,100,20,7.55,8.568999999999999,-1.0190000000000001,-2.1932125,0.1952249999999987
0.2,0.1,12,2,0.025,28,1,betweenness-random,infectious_cross_region_transfers,100,20,4.13,5.01,-0.88,-1.820325,0.06109999999999954
0.2,0.1,12,2,0.025,28,1,betweenness-random,regions_visited_by_I,100,20,2.15,2.3895,-0.2395,-0.43803749999999997,-0.03893750000000033
0.2,0.1,12,2,0.025,28,1,betweenness-random,regions_with_local_transmission,100,20,2.13,2.359,-0.22899999999999995,-0.4290125,-0.026487500000000046
0.2,0.1,12,2,0.025,28,1,betweenness-random,local_infections_outside_initial_region,100,20,41.94,51.50150000000001,-9.561499999999999,-19.570925,0.2969499999999985
0.2,0.1,12,2,0.025,28,1,betweenness-random,infectious_arrival_observed,100,20,0.65,0.6680000000000001,-0.018,-0.0705,0.03601249999999993
0.2,0.1,12,2,0.025,28,1,betweenness-random,local_secondary_infection_observed,100,20,0.65,0.665,-0.015,-0.0675,0.03902499999999987
0.2,0.1,12,2,0.025,28,12,betweenness-random,final_attack_rate,100,20,0.40190000000000003,0.463095,-0.061195000000000006,-0.10321706250000001,-0.016812000000000025
0.2,0.1,12,2,0.025,28,12,betweenness-random,affected_tanks,100,20,7.73,8.809000000000001,-1.079,-1.9319625,-0.18293750000000025
0.2,0.1,12,2,0.025,28,12,betweenness-random,infectious_cross_region_transfers,100,20,4.16,5.0105,-0.8504999999999999,-1.4234999999999998,-0.2664000000000005
0.2,0.1,12,2,0.025,28,12,betweenness-random,regions_visited_by_I,100,20,2.2,2.4405,-0.24049999999999996,-0.382525,-0.09798750000000002
0.2,0.1,12,2,0.025,28,12,betweenness-random,regions_with_local_transmission,100,20,2.18,2.4130000000000003,-0.23299999999999998,-0.37155,-0.09297500000000007
0.2,0.1,12,2,0.025,28,12,betweenness-random,local_infections_outside_initial_region,100,20,42.47,52.419,-9.949000000000002,-17.290225,-2.5283500000000045
0.2,0.1,12,2,0.025,28,12,betweenness-random,infectious_arrival_observed,100,20,0.63,0.7,-0.06999999999999999,-0.14150000000000001,-0.005950000000000274
0.2,0.1,12,2,0.025,28,12,betweenness-random,local_secondary_infection_observed,100,20,0.63,0.6995,-0.0695,-0.1405,-0.005462500000000198
0.2,0.1,12,2,0.025,28,33,betweenness-random,final_attack_rate,100,20,0.4524,0.49881750000000014,-0.0464175,-0.074824875,-0.016410000000000022
0.2,0.1,12,2,0.025,28,33,betweenness-random,affected_tanks,100,20,8.61,9.511999999999999,-0.902,-1.4430500000000002,-0.33547500000000013
0.2,0.1,12,2,0.025,28,33,betweenness-random,infectious_cross_region_transfers,100,20,4.65,5.519499999999999,-0.8694999999999999,-1.3857000000000002,-0.3288500000000007
0.2,0.1,12,2,0.025,28,33,betweenness-random,regions_visited_by_I,100,20,2.42,2.5825,-0.1625,-0.2795375,-0.0375
0.2,0.1,12,2,0.025,28,33,betweenness-random,regions_with_local_transmission,100,20,2.39,2.5505,-0.1605,-0.277525,-0.035487500000000075
0.2,0.1,12,2,0.025,28,33,betweenness-random,local_infections_outside_initial_region,100,20,49.16,57.52349999999999,-8.363499999999998,-13.603850000000001,-2.7344375000000145
0.2,0.1,12,2,0.025,28,33,betweenness-random,infectious_arrival_observed,100,20,0.74,0.7495,-0.009499999999999998,-0.05201249999999999,0.029000000000000005
0.2,0.1,12,2,0.025,28,33,betweenness-random,local_secondary_infection_observed,100,20,0.74,0.748,-0.007999999999999997,-0.050499999999999996,0.0315
