transfer_rate,response_delay,strategy,metric,n,n_missing,mean,median,sd,iqr,ci95_low,ci95_high
0.0,,none,final_attack_rate,100,0,0.04999999999999999,0.05,1.3947701538996772e-17,0.0,0.05,0.05
0.0,,none,affected_tanks,100,0,1.0,1.0,0.0,0.0,1.0,1.0
0.0,,none,peak_infected,100,0,7.6,8.0,1.3632996217214537,0.0,7.6,7.6
0.0,,none,time_to_extinction,100,0,24.6,21.0,6.9223689528363,7.0,24.6,24.6
0.0,1,betweenness,final_attack_rate,100,0,0.04999999999999999,0.05,1.3947701538996772e-17,0.0,0.05,0.05
0.0,1,betweenness,affected_tanks,100,0,1.0,1.0,0.0,0.0,1.0,1.0
0.0,1,betweenness,peak_infected,100,0,7.6,8.0,1.3632996217214537,0.0,7.6,7.6
0.0,1,betweenness,time_to_extinction,100,0,24.6,21.0,6.9223689528363,7.0,24.6,24.6
0.0,1,random,final_attack_rate,300,0,0.049999999999999996,0.05,6.950487719684559e-18,0.0,0.05,0.05
0.0,1,random,affected_tanks,300,0,1.0,1.0,0.0,0.0,1.0,1.0
0.0,1,random,peak_infected,300,0,7.6,8.0,1.3587324409735149,0.0,7.6,7.6
0.0,1,random,time_to_extinction,300,0,24.6,21.0,6.8991783719047195,7.0,24.6,24.6
0.0,12,betweenness,final_attack_rate,100,0,0.04999999999999999,0.05,1.3947701538996772e-17,0.0,0.05,0.05
0.0,12,betweenness,affected_tanks,100,0,1.0,1.0,0.0,0.0,1.0,1.0
0.0,12,betweenness,peak_infected,100,0,7.6,8.0,1.3632996217214537,0.0,7.6,7.6
0.0,12,betweenness,time_to_extinction,100,0,24.6,21.0,6.9223689528363,7.0,24.6,24.6
0.0,12,random,final_attack_rate,300,0,0.049999999999999996,0.05,6.950487719684559e-18,0.0,0.05,0.05
0.0,12,random,affected_tanks,300,0,1.0,1.0,0.0,0.0,1.0,1.0
0.0,12,random,peak_infected,300,0,7.6,8.0,1.3587324409735149,0.0,7.6,7.6
0.0,12,random,time_to_extinction,300,0,24.6,21.0,6.8991783719047195,7.0,24.6,24.6
0.0,33,betweenness,final_attack_rate,100,0,0.04999999999999999,0.05,1.3947701538996772e-17,0.0,0.05,0.05
0.0,33,betweenness,affected_tanks,100,0,1.0,1.0,0.0,0.0,1.0,1.0
0.0,33,betweenness,peak_infected,100,0,7.6,8.0,1.3632996217214537,0.0,7.6,7.6
0.0,33,betweenness,time_to_extinction,100,0,24.6,21.0,6.9223689528363,7.0,24.6,24.6
0.0,33,random,final_attack_rate,300,0,0.049999999999999996,0.05,6.950487719684559e-18,0.0,0.05,0.05
0.0,33,random,affected_tanks,300,0,1.0,1.0,0.0,0.0,1.0,1.0
0.0,33,random,peak_infected,300,0,7.6,8.0,1.3587324409735149,0.0,7.6,7.6
0.0,33,random,time_to_extinction,300,0,24.6,21.0,6.8991783719047195,7.0,24.6,24.6
0.01,,none,final_attack_rate,100,0,0.19644999999999999,0.165,0.10559665733537232,0.15250000000000002,0.18034875,0.21320375
0.01,,none,affected_tanks,100,0,3.66,3.0,2.021200763222824,3.0,3.3697500000000002,3.97
0.01,,none,peak_infected,100,0,18.67,18.0,8.203294484781123,8.0,17.9,19.47
0.01,,none,time_to_extinction,100,0,50.33,45.0,18.545088380223564,25.0,46.599250000000005,54.35
0.01,1,betweenness,final_attack_rate,100,0,0.17444999999999997,0.155,0.11435788012845789,0.105,0.155795,0.19485
0.01,1,betweenness,affected_tanks,100,0,3.24,3.0,2.1932863585280082,2.0,2.87,3.63
0.01,1,betweenness,peak_infected,100,0,17.41,16.0,7.982423874306031,7.25,16.43,18.48
0.01,1,betweenness,time_to_extinction,100,0,48.93,41.0,23.40692075848379,27.0,44.94,53.01
0.01,1,random,final_attack_rate,300,0,0.18766666666666668,0.165,0.10062208954916256,0.135,0.17423166666666665,0.20228708333333328
0.01,1,random,affected_tanks,300,0,3.51,3.0,1.9534464869193437,2.0,3.2599166666666664,3.7934166666666664
0.01,1,random,peak_infected,300,0,18.173333333333332,17.0,7.548059323698319,8.0,17.536666666666665,18.933416666666666
0.01,1,random,time_to_extinction,300,0,48.763333333333335,45.0,19.07582096197873,21.0,45.55658333333333,52.14666666666667
0.01,12,betweenness,final_attack_rate,100,0,0.18625000000000003,0.1625,0.10267723036955972,0.11750000000000001,0.1721,0.20125
0.01,12,betweenness,affected_tanks,100,0,3.48,3.0,1.9973720107919177,2.0,3.21,3.77
0.01,12,betweenness,peak_infected,100,0,18.02,17.0,7.937864761363535,8.0,17.3,18.86
0.01,12,betweenness,time_to_extinction,100,0,49.62,45.0,20.73194967613363,22.25,45.7795,53.830999999999996
0.01,12,random,final_attack_rate,300,0,0.18671666666666667,0.165,0.09949438929184608,0.125,0.17193333333333333,0.2008675
0.01,12,random,affected_tanks,300,0,3.4766666666666666,3.0,1.9222658267222483,2.0,3.2133333333333334,3.7334166666666664
0.01,12,random,peak_infected,300,0,18.09,17.0,7.670594941453554,8.0,17.429916666666667,18.680083333333332
0.01,12,random,time_to_extinction,300,0,49.45333333333333,45.0,22.339007582136187,22.0,45.819833333333335,53.54749999999999
0.01,33,betweenness,final_attack_rate,100,0,0.1925,0.165,0.10477850616197652,0.15625,0.17849875,0.20620124999999995
0.01,33,betweenness,affected_tanks,100,0,3.58,3.0,2.0059507431236656,3.0,3.33,3.82
0.01,33,betweenness,peak_infected,100,0,18.38,17.0,8.202955860449626,8.0,17.72975,19.08
0.01,33,betweenness,time_to_extinction,100,0,49.97,45.0,20.334304497423542,24.25,46.35925,53.87025
0.01,33,random,final_attack_rate,300,0,0.19268333333333332,0.165,0.10309045475581834,0.15125,0.17866583333333333,0.20629999999999998
0.01,33,random,affected_tanks,300,0,3.5733333333333333,3.0,1.9759309788043926,3.0,3.3266666666666667,3.8133333333333335
0.01,33,random,peak_infected,300,0,18.393333333333334,17.0,8.114066951733449,8.0,17.673166666666667,19.13008333333333
0.01,33,random,time_to_extinction,300,0,50.39333333333333,45.0,21.084127291266686,24.0,46.782666666666664,54.2835
0.025,,none,final_attack_rate,100,0,0.60405,0.6425000000000001,0.25252332125524124,0.41874999999999996,0.541095,0.6602525
0.025,,none,affected_tanks,100,0,11.57,12.5,5.071717976418172,8.0,10.35975,12.66025
0.025,,none,peak_infected,100,0,37.1,35.5,13.939624504022026,21.25,34.43975,39.770250000000004
0.025,,none,time_to_extinction,100,0,89.12,86.0,36.89304223910744,47.5,80.06949999999999,98.31275
0.025,1,betweenness,final_attack_rate,100,0,0.5325,0.515,0.28853644973951353,0.54875,0.4547075,0.6090012499999998
0.025,1,betweenness,affected_tanks,100,0,10.14,10.0,5.696037963782236,10.25,8.62,11.62
0.025,1,betweenness,peak_infected,100,0,32.96,31.0,13.720087757766278,20.25,29.97975,35.98
0.025,1,betweenness,time_to_extinction,100,0,86.32,82.0,37.437052892728204,63.5,76.29975,95.26025
0.025,1,random,final_attack_rate,300,0,0.5731999999999999,0.585,0.27366140004193085,0.4962500000000001,0.5091308333333333,0.6381054166666666
0.025,1,random,affected_tanks,300,0,10.99,11.0,5.427222969795842,9.0,9.749916666666667,12.230499999999997
0.025,1,random,peak_infected,300,0,34.88666666666666,33.0,13.081190594902136,18.25,32.49975,37.06008333333334
0.025,1,random,time_to_extinction,300,0,86.14,85.0,35.526998542208155,48.0,79.22591666666668,93.25741666666666
0.025,12,betweenness,final_attack_rate,100,0,0.5357500000000001,0.5425,0.2523579458394026,0.44,0.48174624999999993,0.5859549999999999
0.025,12,betweenness,affected_tanks,100,0,10.26,10.0,5.040482580712351,8.25,9.209750000000001,11.270249999999999
0.025,12,betweenness,peak_infected,100,0,34.67,32.5,12.774702748128046,18.0,32.53975,37.07025
0.025,12,betweenness,time_to_extinction,100,0,85.87,79.0,36.40586449594309,53.5,77.12,94.18025
0.025,12,random,final_attack_rate,300,0,0.59395,0.6375,0.2622050453098742,0.4425,0.5346841666666665,0.6498354166666667
0.025,12,random,affected_tanks,300,0,11.336666666666666,12.0,5.233349665171315,9.0,10.206666666666667,12.390083333333333
0.025,12,random,peak_infected,300,0,35.39,33.0,12.967849361280233,19.0,33.15983333333333,37.676750000000006
0.025,12,random,time_to_extinction,300,0,90.26333333333334,90.5,34.201361072618454,44.5,83.35983333333333,96.50691666666665
0.025,33,betweenness,final_attack_rate,100,0,0.58375,0.63,0.23994356975477935,0.37500000000000006,0.5255850000000001,0.63390125
0.025,33,betweenness,affected_tanks,100,0,11.21,12.0,4.835255626096408,7.25,10.10975,12.190249999999999
0.025,33,betweenness,peak_infected,100,0,35.89,33.5,13.47117761231832,17.25,33.23975,38.49
0.025,33,betweenness,time_to_extinction,100,0,88.63,85.5,38.45597115106726,48.0,80.72850000000001,96.3715
0.025,33,random,final_attack_rate,300,0,0.60245,0.65,0.2528455068504247,0.4412499999999999,0.5444987500000001,0.6550366666666667
0.025,33,random,affected_tanks,300,0,11.52,13.0,5.0730054815054775,9.25,10.3965,12.536666666666667
0.025,33,random,peak_infected,300,0,36.24,34.0,13.74720646599625,20.0,33.81941666666667,38.58383333333333
0.025,33,random,time_to_extinction,300,0,89.00333333333333,86.0,34.94702137855241,47.0,81.12308333333334,96.32066666666665
0.1,,none,final_attack_rate,100,0,0.9787,1.0,0.0901251094508925,0.0,0.9534475000000001,0.9991
0.1,,none,affected_tanks,100,0,19.54,20.0,1.956186766816161,0.0,18.98,19.99
0.1,,none,peak_infected,100,0,83.63,84.5,20.069905607927286,32.25,77.71925,89.27125
0.1,,none,time_to_extinction,100,0,74.45,73.0,15.807794395055991,24.25,70.17,79.12
0.1,1,betweenness,final_attack_rate,100,0,0.9561,1.0,0.1712706228826948,0.0,0.89014875,0.9992
0.1,1,betweenness,affected_tanks,100,0,19.08,20.0,3.5267520182144643,0.0,17.73,19.98
0.1,1,betweenness,peak_infected,100,0,76.51,77.5,19.878161714084964,21.75,70.7595,81.2
0.1,1,betweenness,time_to_extinction,100,0,77.17,75.0,13.296961755197762,20.0,74.41925,79.97025
0.1,1,random,final_attack_rate,300,0,0.9649833333333333,1.0,0.13196197532621107,0.0,0.9226325000000001,0.99605
0.1,1,random,affected_tanks,300,0,19.273333333333333,20.0,2.6837717846710087,0.0,18.403333333333332,19.903333333333332
0.1,1,random,peak_infected,300,0,80.94,81.0,19.340023829849084,27.0,75.3725,85.96074999999999
0.1,1,random,time_to_extinction,300,0,74.38333333333334,73.0,13.764978666207929,24.0,72.46333333333334,76.54008333333334
0.1,12,betweenness,final_attack_rate,100,0,0.9205,1.0,0.1939325874752577,0.010000000000000009,0.8467000000000001,0.97520625
0.1,12,betweenness,affected_tanks,100,0,18.36,20.0,3.958165068193936,0.0,16.86975,19.4805
0.1,12,betweenness,peak_infected,100,0,72.46,72.5,20.250661543003798,26.25,65.98925,78.37075
0.1,12,betweenness,time_to_extinction,100,0,78.79,82.5,17.822522919955055,26.25,75.109,82.74125
0.1,12,random,final_attack_rate,300,0,0.9707333333333334,1.0,0.11362068954433718,0.0,0.9408799999999999,0.99098375
0.1,12,random,affected_tanks,300,0,19.373333333333335,20.0,2.350682436075348,0.0,18.75325,19.793416666666666
0.1,12,random,peak_infected,300,0,78.67,80.0,18.52381004171492,25.25,73.70325,83.20733333333332
0.1,12,random,time_to_extinction,300,0,76.94333333333333,73.0,16.581413282458804,22.25,73.73991666666666,80.354
0.1,33,betweenness,final_attack_rate,100,0,0.9577000000000001,1.0,0.11796554025167133,0.0,0.91623625,0.9879499999999999
0.1,33,betweenness,affected_tanks,100,0,19.08,20.0,2.5531917042768018,0.0,18.2,19.73
0.1,33,betweenness,peak_infected,100,0,83.61,83.5,19.824428864357724,32.5,77.75975000000001,89.08174999999999
0.1,33,betweenness,time_to_extinction,100,0,73.77,71.5,18.281665485652365,25.0,69.56899999999999,79.07024999999999
0.1,33,random,final_attack_rate,300,0,0.9722333333333334,1.0,0.10233320986705409,0.0,0.9433475,0.9939208333333333
0.1,33,random,affected_tanks,300,0,19.406666666666666,20.0,2.2160758552471953,0.0,18.786666666666665,19.876666666666665
0.1,33,random,peak_infected,300,0,83.62333333333333,84.5,19.917928317231944,32.0,77.77875,89.20741666666666
0.1,33,random,time_to_extinction,300,0,74.78,73.0,16.737944795781296,24.25,70.6565,79.14025
