subset,transfer_rate,response_delay,quarantine_duration,metric,blocks,networks,mean_diff,mean_diff_ci95_low,mean_diff_ci95_high,median_diff,mean_rel_reduction,share_targeted_better
all_blocks,0.0,1,14,final_attack_rate,100,20,-6.938893903907228e-18,-6.938893903907228e-18,-6.938893903907228e-18,-6.938893903907228e-18,1.3877787807814454e-16,1.0
all_blocks,0.0,1,14,affected_tanks,100,20,0.0,0.0,0.0,0.0,0.0,0.0
all_blocks,0.0,12,14,final_attack_rate,100,20,-6.938893903907228e-18,-6.938893903907228e-18,-6.938893903907228e-18,-6.938893903907228e-18,1.3877787807814454e-16,1.0
all_blocks,0.0,12,14,affected_tanks,100,20,0.0,0.0,0.0,0.0,0.0,0.0
all_blocks,0.0,33,14,final_attack_rate,100,20,-6.938893903907228e-18,-6.938893903907228e-18,-6.938893903907228e-18,-6.938893903907228e-18,1.3877787807814454e-16,1.0
all_blocks,0.0,33,14,affected_tanks,100,20,0.0,0.0,0.0,0.0,0.0,0.0
all_blocks,0.01,1,14,final_attack_rate,100,20,-0.013216666666666665,-0.02816708333333333,0.0010016666666666572,-0.0016666666666666635,0.05385167070998941,0.59
all_blocks,0.01,1,14,affected_tanks,100,20,-0.26999999999999996,-0.5466666666666665,-0.003333333333333308,0.0,0.05861271455582601,0.37
all_blocks,0.01,12,14,final_attack_rate,100,20,-0.0004666666666666641,-0.01126708333333333,0.010900416666666668,0.0,-0.012201818978383659,0.45
all_blocks,0.01,12,14,affected_tanks,100,20,0.0033333333333333214,-0.22333333333333336,0.23341666666666616,0.0,-0.016686386122514805,0.25
all_blocks,0.01,33,14,final_attack_rate,100,20,-0.00018333333333333098,-0.003049999999999999,0.002167083333333334,0.0,0.006707942699268371,0.3
all_blocks,0.01,33,14,affected_tanks,100,20,0.006666666666666678,-0.05666666666666664,0.056666666666666664,0.0,0.004268224036025892,0.05
all_blocks,0.025,1,14,final_attack_rate,100,20,-0.0407,-0.11055041666666665,0.024586249999999983,-0.023333333333333345,0.019378024761372504,0.55
all_blocks,0.025,1,14,affected_tanks,100,20,-0.85,-2.1968333333333336,0.41000000000000014,-0.666666666666667,0.026819505698598714,0.53
all_blocks,0.025,12,14,final_attack_rate,100,20,-0.0582,-0.08928458333333333,-0.025545833333333358,-0.029166666666666646,0.0738601371976825,0.63
all_blocks,0.025,12,14,affected_tanks,100,20,-1.0766666666666669,-1.65,-0.4698333333333341,-0.4999999999999998,0.06852283214318315,0.53
all_blocks,0.025,33,14,final_attack_rate,100,20,-0.018699999999999998,-0.04073833333333334,0.005583333333333326,-0.0008333333333333318,0.012224123512045939,0.51
all_blocks,0.025,33,14,affected_tanks,100,20,-0.31000000000000005,-0.7566666666666666,0.17999999999999985,0.0,0.00449227044421049,0.45
all_blocks,0.1,1,14,final_attack_rate,100,20,-0.00888333333333334,-0.04040083333333333,0.01337041666666664,0.0,0.013972936668219273,0.11
all_blocks,0.1,1,14,affected_tanks,100,20,-0.19333333333333336,-0.8200833333333333,0.27,0.0,0.015538978648231484,0.08
all_blocks,0.1,12,14,final_attack_rate,100,20,-0.05023333333333335,-0.10150416666666667,-0.008694166666666711,0.0,0.055416546697354574,0.32
all_blocks,0.1,12,14,affected_tanks,100,20,-1.0133333333333336,-2.0599999999999996,-0.1700000000000001,0.0,0.05609005817383565,0.21
all_blocks,0.1,33,14,final_attack_rate,100,20,-0.01453333333333334,-0.031202500000000015,-0.00048333333333334337,0.0,0.016014862305218345,0.17
all_blocks,0.1,33,14,affected_tanks,100,20,-0.32666666666666666,-0.6700000000000002,-0.03325000000000041,0.0,0.01793027288834785,0.11
quarantine_started,0.0,1,14,final_attack_rate,100,20,-6.938893903907228e-18,-6.938893903907228e-18,-6.938893903907228e-18,-6.938893903907228e-18,1.3877787807814454e-16,1.0
quarantine_started,0.0,1,14,affected_tanks,100,20,0.0,0.0,0.0,0.0,0.0,0.0
quarantine_started,0.0,12,14,final_attack_rate,100,20,-6.938893903907228e-18,-6.938893903907228e-18,-6.938893903907228e-18,-6.938893903907228e-18,1.3877787807814454e-16,1.0
quarantine_started,0.0,12,14,affected_tanks,100,20,0.0,0.0,0.0,0.0,0.0,0.0
quarantine_started,0.0,33,14,final_attack_rate,20,20,-6.938893903907228e-18,-6.938893903907228e-18,-6.938893903907228e-18,-6.938893903907228e-18,1.3877787807814454e-16,1.0
quarantine_started,0.0,33,14,affected_tanks,20,20,0.0,0.0,0.0,0.0,0.0,0.0
quarantine_started,0.01,1,14,final_attack_rate,100,20,-0.013216666666666665,-0.02816708333333333,0.0010016666666666572,-0.0016666666666666635,0.05385167070998941,0.59
quarantine_started,0.01,1,14,affected_tanks,100,20,-0.26999999999999996,-0.5466666666666665,-0.003333333333333308,0.0,0.05861271455582601,0.37
quarantine_started,0.01,12,14,final_attack_rate,100,20,-0.0004666666666666641,-0.01126708333333333,0.010900416666666668,0.0,-0.012201818978383659,0.45
quarantine_started,0.01,12,14,affected_tanks,100,20,0.0033333333333333214,-0.22333333333333336,0.23341666666666616,0.0,-0.016686386122514805,0.25
quarantine_started,0.01,33,14,final_attack_rate,88,20,-0.0002083333333333305,-0.003387006629663887,0.0024719255463637505,0.0,0.0076226621582595085,0.3068181818181818
quarantine_started,0.01,33,14,affected_tanks,88,20,0.007575757575757586,-0.06061420658194849,0.06297619047619041,0.0,0.004850254586393058,0.056818181818181816
quarantine_started,0.025,1,14,final_attack_rate,100,20,-0.0407,-0.11055041666666665,0.024586249999999983,-0.023333333333333345,0.019378024761372504,0.55
quarantine_started,0.025,1,14,affected_tanks,100,20,-0.85,-2.1968333333333336,0.41000000000000014,-0.666666666666667,0.026819505698598714,0.53
quarantine_started,0.025,12,14,final_attack_rate,100,20,-0.0582,-0.08928458333333333,-0.025545833333333358,-0.029166666666666646,0.0738601371976825,0.63
quarantine_started,0.025,12,14,affected_tanks,100,20,-1.0766666666666669,-1.65,-0.4698333333333341,-0.4999999999999998,0.06852283214318315,0.53
quarantine_started,0.025,33,14,final_attack_rate,96,20,-0.019479166666666665,-0.042772621090770416,0.005700035942211913,-0.0025000000000000022,0.012733461991714524,0.5208333333333334
quarantine_started,0.025,33,14,affected_tanks,96,20,-0.3229166666666668,-0.7862809480676328,0.18948594604791527,0.0,0.004679448379385927,0.46875
quarantine_started,0.1,1,14,final_attack_rate,100,20,-0.00888333333333334,-0.04040083333333333,0.01337041666666664,0.0,0.013972936668219273,0.11
quarantine_started,0.1,1,14,affected_tanks,100,20,-0.19333333333333336,-0.8200833333333333,0.27,0.0,0.015538978648231484,0.08
quarantine_started,0.1,12,14,final_attack_rate,100,20,-0.05023333333333335,-0.10150416666666667,-0.008694166666666711,0.0,0.055416546697354574,0.32
quarantine_started,0.1,12,14,affected_tanks,100,20,-1.0133333333333336,-2.0599999999999996,-0.1700000000000001,0.0,0.05609005817383565,0.21
quarantine_started,0.1,33,14,final_attack_rate,100,20,-0.01453333333333334,-0.031202500000000015,-0.00048333333333334337,0.0,0.016014862305218345,0.17
quarantine_started,0.1,33,14,affected_tanks,100,20,-0.32666666666666666,-0.6700000000000002,-0.03325000000000041,0.0,0.01793027288834785,0.11
