strategy,transfer_rate,response_delay,quarantine_duration,metric,blocks,mean_none,mean_arm,mean_diff,mean_diff_ci95_low,mean_diff_ci95_high,rel_reduction,rel_reduction_ci95_low,rel_reduction_ci95_high
betweenness,0.0,1,14,final_attack_rate,100,0.049099999999999984,0.049099999999999984,0.0,0.0,0.0,0.0,0.0,0.0
betweenness,0.0,1,14,affected_tanks,100,1.0,1.0,0.0,0.0,0.0,0.0,0.0,0.0
betweenness,0.0,12,14,final_attack_rate,100,0.049099999999999984,0.049099999999999984,0.0,0.0,0.0,0.0,0.0,0.0
betweenness,0.0,12,14,affected_tanks,100,1.0,1.0,0.0,0.0,0.0,0.0,0.0,0.0
betweenness,0.0,33,14,final_attack_rate,100,0.049099999999999984,0.049099999999999984,0.0,0.0,0.0,0.0,0.0,0.0
betweenness,0.0,33,14,affected_tanks,100,1.0,1.0,0.0,0.0,0.0,0.0,0.0,0.0
betweenness,0.01,1,14,final_attack_rate,100,0.15595000000000003,0.15220000000000003,-0.00375,-0.014800000000000002,0.008051249999999992,0.02404616864379609,-0.05156617497720733,0.09369085657841511
betweenness,0.01,1,14,affected_tanks,100,2.89,2.84,-0.05,-0.27,0.19,0.01730103806228374,-0.06464495109279307,0.09375252831715208
betweenness,0.01,12,14,final_attack_rate,100,0.15595000000000003,0.1531,-0.0028499999999999992,-0.01140125,0.006200000000000001,0.018275088169285022,-0.03943951747862983,0.07618087359038755
betweenness,0.01,12,14,affected_tanks,100,2.89,2.88,-0.01,-0.16,0.14024999999999865,0.0034602076124567475,-0.04967715231788079,0.05673758865248227
betweenness,0.01,33,14,final_attack_rate,100,0.15595000000000003,0.15395000000000003,-0.0020000000000000005,-0.006601249999999999,0.002601249999999993,0.012824623276691252,-0.016339085810574756,0.04429557928415981
betweenness,0.01,33,14,affected_tanks,100,2.89,2.87,-0.02,-0.12,0.08024999999999864,0.006920415224913495,-0.02884702166064982,0.043486194858774946
betweenness,0.025,1,14,final_attack_rate,100,0.51855,0.4635000000000001,-0.05505000000000001,-0.09601250000000001,-0.012748750000000008,0.10616141162857973,0.02492730615764794,0.1864073739732612
betweenness,0.025,1,14,affected_tanks,100,9.86,8.84,-1.02,-1.9,-0.14,0.10344827586206896,0.014559111430740342,0.189951950519738
betweenness,0.025,12,14,final_attack_rate,100,0.51855,0.46659999999999996,-0.05195000000000001,-0.104655,-0.003031250000000106,0.10018320316266517,0.0056488082176821735,0.1951786124858062
betweenness,0.025,12,14,affected_tanks,100,9.86,9.01,-0.85,-1.9,0.13,0.08620689655172414,-0.013461084474528115,0.1857589955280358
betweenness,0.025,33,14,final_attack_rate,100,0.51855,0.4682,-0.05035,-0.08530124999999998,-0.01829875000000001,0.0970976762125157,0.03644444931610813,0.16397124343209682
betweenness,0.025,33,14,affected_tanks,100,9.86,8.86,-1.0,-1.66025,-0.3897500000000014,0.10141987829614604,0.04051466719284399,0.1691974519073333
betweenness,0.1,1,14,final_attack_rate,100,0.9717,0.9506,-0.021099999999999997,-0.04984999999999999,5.000000000000005e-05,0.021714520942677784,-5.1110783775994244e-05,0.052081799692132245
betweenness,0.1,1,14,affected_tanks,100,19.44,18.99,-0.45,-1.03,-0.02,0.023148148148148147,0.0010111223458038423,0.05350288408602729
betweenness,0.1,12,14,final_attack_rate,100,0.9717,0.95205,-0.019650000000000004,-0.038149999999999996,-0.0052,0.020222290830503246,0.005340441345221069,0.03913957937761349
betweenness,0.1,12,14,affected_tanks,100,19.44,19.03,-0.41,-0.78,-0.11,0.02109053497942387,0.0056065239551478085,0.04024503648797348
betweenness,0.1,33,14,final_attack_rate,100,0.9717,0.9641,-0.0076,-0.015150000000000002,-0.0013487500000000068,0.007821344036225173,0.0014019496895661036,0.015674978369445765
betweenness,0.1,33,14,affected_tanks,100,19.44,19.27,-0.17,-0.33,-0.03,0.00874485596707819,0.001587746503257855,0.01726844583987441
random,0.0,1,14,final_attack_rate,100,0.049099999999999984,0.049100000000000005,6.800116025829084e-18,6.591949208711867e-18,6.938893903907228e-18,-1.3849523474193653e-16,-1.3877787807814457e-16,-1.3805129232904433e-16
random,0.0,1,14,affected_tanks,100,1.0,1.0,0.0,0.0,0.0,0.0,0.0,0.0
random,0.0,12,14,final_attack_rate,100,0.049099999999999984,0.049100000000000005,6.800116025829084e-18,6.591949208711867e-18,6.938893903907228e-18,-1.3849523474193653e-16,-1.3877787807814457e-16,-1.3805129232904433e-16
random,0.0,12,14,affected_tanks,100,1.0,1.0,0.0,0.0,0.0,0.0,0.0,0.0
random,0.0,33,14,final_attack_rate,100,0.049099999999999984,0.049100000000000005,6.800116025829084e-18,6.591949208711867e-18,6.938893903907228e-18,-1.3849523474193653e-16,-1.3877787807814457e-16,-1.3805129232904433e-16
random,0.0,33,14,affected_tanks,100,1.0,1.0,0.0,0.0,0.0,0.0,0.0,0.0
random,0.01,1,14,final_attack_rate,100,0.15595000000000003,0.14775,-0.0082,-0.01718333333333333,0.0009683333333333233,0.05258095543443412,-0.006337453490572005,0.10472783990139876
random,0.01,1,14,affected_tanks,100,2.89,2.736666666666667,-0.15333333333333332,-0.3234166666666667,0.03333333333333333,0.05305651672433679,-0.011419488838153222,0.10681392438516304
random,0.01,12,14,final_attack_rate,100,0.15595000000000003,0.15011666666666668,-0.005833333333333336,-0.014467916666666672,0.0008833333333333316,0.03740515122368283,-0.005890436773338967,0.08788833427525401
random,0.01,12,14,affected_tanks,100,2.89,2.793333333333333,-0.09666666666666668,-0.26333333333333336,0.03666666666666669,0.033448673587081895,-0.013336700336700345,0.08846040690700885
random,0.01,33,14,final_attack_rate,100,0.15595000000000003,0.15263333333333334,-0.0033166666666666665,-0.00713333333333333,-0.0006162500000000013,0.02126750026717965,0.004139144663214033,0.045492049297137335
random,0.01,33,14,affected_tanks,100,2.89,2.833333333333333,-0.056666666666666664,-0.13,-8.881784197001253e-18,0.019607843137254898,3.2397905468336815e-18,0.04467419783807981
random,0.025,1,14,final_attack_rate,100,0.51855,0.4786166666666667,-0.039933333333333335,-0.07865791666666666,0.0029562499999999546,0.0770096101308135,-0.006037494109330833,0.14555018453257157
random,0.025,1,14,affected_tanks,100,9.86,9.07,-0.7900000000000001,-1.6167500000000004,0.13,0.0801217038539554,-0.0139063481758509,0.15533934143827394
random,0.025,12,14,final_attack_rate,100,0.51855,0.4859666666666667,-0.03258333333333333,-0.07017541666666667,0.005400416666666673,0.06283547070356443,-0.011344787054867052,0.1324937797071636
random,0.025,12,14,affected_tanks,100,9.86,9.21,-0.65,-1.4033333333333333,0.10008333333333279,0.06592292089249494,-0.010100010122482019,0.13691910313348127
random,0.025,33,14,final_attack_rate,100,0.51855,0.50815,-0.010400000000000005,-0.03996791666666668,0.017983750000000003,0.020055925175971472,-0.035245469241655024,0.07649855815788571
random,0.025,33,14,affected_tanks,100,9.86,9.693333333333335,-0.1666666666666667,-0.7633333333333333,0.39674999999999955,0.016903313049357677,-0.04110788944934365,0.0771417066716869
random,0.1,1,14,final_attack_rate,100,0.9717,0.9569999999999999,-0.014699999999999993,-0.024887083333333324,-0.006016666666666659,0.015128125964803946,0.00620486046711811,0.025508947848250814
random,0.1,1,14,affected_tanks,100,19.44,19.130000000000003,-0.31000000000000005,-0.5233333333333334,-0.1299166666666671,0.01594650205761317,0.006705222102965464,0.026858976933021146
random,0.1,12,14,final_attack_rate,100,0.9717,0.9551999999999999,-0.016499999999999987,-0.028300416666666658,-0.006631666666666655,0.016980549552330953,0.006785793478481782,0.02905421314894298
random,0.1,12,14,affected_tanks,100,19.44,19.076666666666664,-0.3633333333333333,-0.6000000000000001,-0.15999999999999992,0.018689986282578872,0.00814244122170951,0.03119187969169607
random,0.1,33,14,final_attack_rate,100,0.9717,0.9689,-0.002799999999999997,-0.007383749999999999,0.0009170833333333333,0.0028815478028197975,-0.00095042435453642,0.00746590299585576
random,0.1,33,14,affected_tanks,100,19.44,19.37333333333333,-0.06666666666666662,-0.16333333333333333,0.016666666666666677,0.0034293552812071307,-0.0008652790054153657,0.00834793638836355
