subset,transfer_rate,response_delay,quarantine_duration,metric,blocks,networks,mean_diff,mean_diff_ci95_low,mean_diff_ci95_high,median_diff,mean_targeted,mean_random,rel_reduction,rel_reduction_ci95_low,rel_reduction_ci95_high,share_targeted_better
all_blocks,0.0,1,14,final_attack_rate,100,20,-6.800116025829084e-18,-6.938893903907228e-18,-6.591949208711867e-18,-6.938893903907228e-18,0.049099999999999984,0.049100000000000005,1.384952347419365e-16,1.380512923290443e-16,1.3877787807814454e-16,0.98
all_blocks,0.0,1,14,affected_tanks,100,20,0.0,0.0,0.0,0.0,1.0,1.0,0.0,0.0,0.0,0.0
all_blocks,0.0,12,14,final_attack_rate,100,20,-6.800116025829084e-18,-6.938893903907228e-18,-6.591949208711867e-18,-6.938893903907228e-18,0.049099999999999984,0.049100000000000005,1.384952347419365e-16,1.380512923290443e-16,1.3877787807814454e-16,0.98
all_blocks,0.0,12,14,affected_tanks,100,20,0.0,0.0,0.0,0.0,1.0,1.0,0.0,0.0,0.0,0.0
all_blocks,0.0,33,14,final_attack_rate,100,20,-6.800116025829084e-18,-6.938893903907228e-18,-6.591949208711867e-18,-6.938893903907228e-18,0.049099999999999984,0.049100000000000005,1.384952347419365e-16,1.380512923290443e-16,1.3877787807814454e-16,0.98
all_blocks,0.0,33,14,affected_tanks,100,20,0.0,0.0,0.0,0.0,1.0,1.0,0.0,0.0,0.0,0.0
all_blocks,0.01,1,14,final_attack_rate,100,20,0.00445,-0.0047008333333333355,0.013567083333333334,0.0,0.15220000000000003,0.14775,-0.030118443316412863,-0.08778864648590023,0.03323990889940072,0.36
all_blocks,0.01,1,14,affected_tanks,100,20,0.1033333333333333,-0.08333333333333337,0.29,0.0,2.84,2.736666666666667,-0.037758830694275256,-0.10238718443197758,0.03277004697938689,0.2
all_blocks,0.01,12,14,final_attack_rate,100,20,0.0029833333333333352,-0.007984166666666665,0.015750833333333332,0.0,0.1531,0.15011666666666668,-0.019873431775285902,-0.10236334389634243,0.05447954559443376,0.38
all_blocks,0.01,12,14,affected_tanks,100,20,0.08666666666666668,-0.11666666666666664,0.31666666666666665,0.0,2.88,2.793333333333333,-0.031026252983293562,-0.11123138906283944,0.04186649840927879,0.15
all_blocks,0.01,33,14,final_attack_rate,100,20,0.0013166666666666656,-0.0037516666666666696,0.0070170833333333274,0.0,0.15395000000000003,0.15263333333333334,-0.008626337628303116,-0.04451443029332475,0.025732958257973275,0.31
all_blocks,0.01,33,14,affected_tanks,100,20,0.03666666666666667,-0.06000000000000001,0.14008333333333292,0.0,2.87,2.833333333333333,-0.012941176470588235,-0.04918400352863339,0.02264581390343637,0.08
all_blocks,0.025,1,14,final_attack_rate,100,20,-0.015116666666666667,-0.05785958333333333,0.027200416666666657,-0.04416666666666669,0.4635000000000001,0.4786166666666667,0.0315840791168994,-0.056405806169272855,0.11867982591928324,0.61
all_blocks,0.025,1,14,affected_tanks,100,20,-0.22999999999999993,-1.1067500000000003,0.65,-0.6666666666666665,8.84,9.07,0.02535832414553472,-0.07028190604779627,0.12182065311779079,0.58
all_blocks,0.025,12,14,final_attack_rate,100,20,-0.01936666666666667,-0.05765166666666667,0.0172058333333333,-0.0016666666666666635,0.46659999999999996,0.4859666666666667,0.039851841690102204,-0.0354572066482225,0.11580551418982254,0.51
all_blocks,0.025,12,14,affected_tanks,100,20,-0.19999999999999993,-0.9499999999999998,0.52,0.0,9.01,9.21,0.021715526601520083,-0.05745878504724654,0.10000552689756809,0.45
all_blocks,0.025,33,14,final_attack_rate,100,20,-0.03995,-0.07089166666666666,-0.008691666666666705,-0.002500000000000016,0.4682,0.50815,0.07861851815408835,0.017300614948072186,0.13672929230022385,0.52
all_blocks,0.025,33,14,affected_tanks,100,20,-0.8333333333333335,-1.4566666666666666,-0.19999999999999996,0.0,8.86,9.693333333333335,0.0859697386519945,0.02150811654876136,0.14701256150542127,0.4
all_blocks,0.1,1,14,final_attack_rate,100,20,-0.0064000000000000055,-0.035917916666666674,0.018569166666666647,0.0,0.9506,0.9569999999999999,0.006687565308254968,-0.019306796170034668,0.03810366581647846,0.07
all_blocks,0.1,1,14,affected_tanks,100,20,-0.13999999999999999,-0.7533333333333333,0.3703333333333315,0.0,18.99,19.130000000000003,0.007318348144276006,-0.019703846287021102,0.03972792723979993,0.07
all_blocks,0.1,12,14,final_attack_rate,100,20,-0.0031500000000000126,-0.020350833333333342,0.011566666666666659,0.0,0.95205,0.9551999999999999,0.0032977386934673505,-0.012180577224684483,0.021229178600361366,0.16
all_blocks,0.1,12,14,affected_tanks,100,20,-0.0466666666666667,-0.3967500000000001,0.25008333333333294,0.0,19.03,19.076666666666664,0.0024462694391053663,-0.013121009242928265,0.020671489577493315,0.08
all_blocks,0.1,33,14,final_attack_rate,100,20,-0.004800000000000003,-0.012483333333333336,0.0011833333333333296,0.0,0.9641,0.9689,0.004954071627618953,-0.0012160945598123298,0.01291639825569348,0.09
all_blocks,0.1,33,14,affected_tanks,100,20,-0.10333333333333337,-0.27,0.02666666666666657,0.0,19.27,19.37333333333333,0.005333792154163801,-0.001362485048980724,0.014157197457909339,0.07
quarantine_started,0.0,1,14,final_attack_rate,100,20,-6.800116025829084e-18,-6.938893903907228e-18,-6.591949208711867e-18,-6.938893903907228e-18,0.049099999999999984,0.049100000000000005,1.384952347419365e-16,1.380512923290443e-16,1.3877787807814454e-16,0.98
quarantine_started,0.0,1,14,affected_tanks,100,20,0.0,0.0,0.0,0.0,1.0,1.0,0.0,0.0,0.0,0.0
quarantine_started,0.0,12,14,final_attack_rate,98,20,-6.938893903907228e-18,-6.938893903907228e-18,-6.938893903907228e-18,-6.938893903907228e-18,0.049999999999999996,0.05,1.3877787807814454e-16,1.3877787807814452e-16,1.3877787807814454e-16,1.0
quarantine_started,0.0,12,14,affected_tanks,98,20,0.0,0.0,0.0,0.0,1.0,1.0,0.0,0.0,0.0,0.0
quarantine_started,0.0,33,14,final_attack_rate,28,16,-6.938893903907228e-18,-6.938893903907228e-18,-6.938893903907228e-18,-6.938893903907228e-18,0.05000000000000001,0.05000000000000001,1.3877787807814454e-16,1.3877787807814452e-16,1.3877787807814457e-16,1.0
quarantine_started,0.0,33,14,affected_tanks,28,16,0.0,0.0,0.0,0.0,1.0,1.0,0.0,0.0,0.0,0.0
quarantine_started,0.01,1,14,final_attack_rate,100,20,0.00445,-0.0047008333333333355,0.013567083333333334,0.0,0.15220000000000003,0.14775,-0.030118443316412863,-0.08778864648590023,0.03323990889940072,0.36
quarantine_started,0.01,1,14,affected_tanks,100,20,0.1033333333333333,-0.08333333333333337,0.29,0.0,2.84,2.736666666666667,-0.037758830694275256,-0.10238718443197758,0.03277004697938689,0.2
quarantine_started,0.01,12,14,final_attack_rate,98,20,0.0030442176870748316,-0.008315802900107411,0.01594342661306947,0.0,0.15612244897959182,0.15307823129251702,-0.019886679257860248,-0.10243127357396534,0.05451744597422179,0.3877551020408163
quarantine_started,0.01,12,14,affected_tanks,98,20,0.08843537414965988,-0.11929824561403507,0.32302668490076447,0.0,2.9183673469387754,2.8299319727891152,-0.03125000000000001,-0.11195856221174273,0.0421740604803319,0.15306122448979592
quarantine_started,0.01,33,14,final_attack_rate,73,20,0.0018036529680365292,-0.005492261904761903,0.009254566400177657,0.0,0.18726027397260275,0.18545662100456622,-0.009725470885140955,-0.04968802628263779,0.029613973480646056,0.3287671232876712
quarantine_started,0.01,33,14,affected_tanks,73,20,0.0502283105022831,-0.08442133815551538,0.19050595238095222,0.0,3.4794520547945207,3.429223744292237,-0.014647137150466043,-0.05514893457382953,0.02554806728305661,0.1095890410958904
quarantine_started,0.025,1,14,final_attack_rate,100,20,-0.015116666666666667,-0.05785958333333333,0.027200416666666657,-0.04416666666666669,0.4635000000000001,0.4786166666666667,0.0315840791168994,-0.056405806169272855,0.11867982591928324,0.61
quarantine_started,0.025,1,14,affected_tanks,100,20,-0.22999999999999993,-1.1067500000000003,0.65,-0.6666666666666665,8.84,9.07,0.02535832414553472,-0.07028190604779627,0.12182065311779079,0.58
quarantine_started,0.025,12,14,final_attack_rate,98,20,-0.019761904761904765,-0.057946127946127954,0.01776367166286519,-0.004166666666666666,0.4760204081632653,0.49578231292517005,0.03986004390779364,-0.03548359775570422,0.11581717761871747,0.5204081632653061
quarantine_started,0.025,12,14,affected_tanks,98,20,-0.20408163265306115,-0.9596893939393938,0.5443027210884349,0.0,9.173469387755102,9.377551020408163,0.021762785636561473,-0.057714732306242834,0.10012478471797255,0.45918367346938777
quarantine_started,0.025,33,14,final_attack_rate,93,20,-0.042956989247311825,-0.07769969220655033,-0.009062386775362311,-0.0050000000000000044,0.49870967741935485,0.5416666666666666,0.07930521091811414,0.017423455266447056,0.13802211856526564,0.5591397849462365
quarantine_started,0.025,33,14,affected_tanks,93,20,-0.896057347670251,-1.5826007326007325,-0.21051678108314265,0.0,9.419354838709678,10.31541218637993,0.08686587908269633,0.021683619936831693,0.14914985335850248,0.43010752688172044
quarantine_started,0.1,1,14,final_attack_rate,100,20,-0.0064000000000000055,-0.035917916666666674,0.018569166666666647,0.0,0.9506,0.9569999999999999,0.006687565308254968,-0.019306796170034668,0.03810366581647846,0.07
quarantine_started,0.1,1,14,affected_tanks,100,20,-0.13999999999999999,-0.7533333333333333,0.3703333333333315,0.0,18.99,19.130000000000003,0.007318348144276006,-0.019703846287021102,0.03972792723979993,0.07
quarantine_started,0.1,12,14,final_attack_rate,98,20,-0.0032142857142857272,-0.020708526592455187,0.011701994949494926,0.0,0.9713265306122447,0.9745408163265307,0.003298256635778245,-0.012183100125493874,0.02123133803213573,0.16326530612244897
quarantine_started,0.1,12,14,affected_tanks,98,20,-0.04761904761904765,-0.4040584415584418,0.2566736111111111,0.0,19.397959183673468,19.445578231292515,0.002448836802518805,-0.01313497395495225,0.02070471027890507,0.08163265306122448
quarantine_started,0.1,33,14,final_attack_rate,98,20,-0.004897959183673473,-0.012581813751550597,0.0012105661881977622,0.0,0.983622448979592,0.9885204081632653,0.004954838709677422,-0.0012163480457239688,0.012917833682644037,0.09183673469387756
quarantine_started,0.1,33,14,affected_tanks,98,20,-0.10544217687074835,-0.2743356717687075,0.026942898371469685,0.0,19.642857142857142,19.74829931972789,0.005339304168101965,-0.0013638787475053135,0.014172240744300523,0.07142857142857142
