network_seed,epidemic_seed,transfer_rate,response_delay,quarantine_duration,final_attack_rate_targeted,affected_tanks_targeted,final_attack_rate_random,affected_tanks_random,quarantine_started,diff_final_attack_rate,diff_affected_tanks
200,20000,0.0,1,14,0.05,1,0.05000000000000001,1.0,True,-6.938893903907228e-18,0.0
200,20000,0.0,12,14,0.05,1,0.05000000000000001,1.0,True,-6.938893903907228e-18,0.0
200,20000,0.0,33,14,0.05,1,0.05000000000000001,1.0,False,-6.938893903907228e-18,0.0
200,20000,0.01,1,14,0.09,1,0.08,1.0,True,0.009999999999999995,0.0
200,20000,0.01,12,14,0.085,1,0.085,1.0,True,0.0,0.0
200,20000,0.01,33,14,0.065,1,0.07666666666666667,1.0,True,-0.011666666666666672,0.0
200,20000,0.025,1,14,0.595,12,0.9066666666666666,18.0,True,-0.31166666666666665,-6.0
200,20000,0.025,12,14,0.855,17,0.84,16.333333333333332,True,0.015000000000000013,0.6666666666666679
200,20000,0.025,33,14,0.795,15,0.8516666666666667,16.333333333333332,True,-0.05666666666666664,-1.3333333333333321
200,20000,0.1,1,14,1.0,20,1.0,20.0,True,0.0,0.0
200,20000,0.1,12,14,1.0,20,0.9983333333333334,20.0,True,0.0016666666666665941,0.0
200,20000,0.1,33,14,1.0,20,1.0,20.0,True,0.0,0.0
200,20001,0.0,1,14,0.05,1,0.05000000000000001,1.0,True,-6.938893903907228e-18,0.0
200,20001,0.0,12,14,0.05,1,0.05000000000000001,1.0,True,-6.938893903907228e-18,0.0
200,20001,0.0,33,14,0.05,1,0.05000000000000001,1.0,False,-6.938893903907228e-18,0.0
200,20001,0.01,1,14,0.065,1,0.065,1.0,True,0.0,0.0
200,20001,0.01,12,14,0.065,1,0.065,1.0,True,0.0,0.0
200,20001,0.01,33,14,0.065,1,0.065,1.0,False,0.0,0.0
200,20001,0.025,1,14,0.455,8,0.515,9.0,True,-0.06,-1.0
200,20001,0.025,12,14,0.495,9,0.4483333333333334,8.0,True,0.04666666666666658,1.0
200,20001,0.025,33,14,0.585,11,0.5083333333333333,9.333333333333334,True,0.07666666666666666,1.666666666666666
200,20001,0.1,1,14,1.0,20,0.995,19.666666666666668,True,0.0050000000000000044,0.33333333333333215
200,20001,0.1,12,14,1.0,20,0.995,19.666666666666668,True,0.0050000000000000044,0.33333333333333215
200,20001,0.1,33,14,1.0,20,1.0,20.0,True,0.0,0.0
200,20002,0.0,1,14,0.05,1,0.05000000000000001,1.0,True,-6.938893903907228e-18,0.0
200,20002,0.0,12,14,0.05,1,0.05000000000000001,1.0,True,-6.938893903907228e-18,0.0
200,20002,0.0,33,14,0.05,1,0.05000000000000001,1.0,False,-6.938893903907228e-18,0.0
200,20002,0.01,1,14,0.125,2,0.12,2.0,True,0.0050000000000000044,0.0
200,20002,0.01,12,14,0.125,2,0.12333333333333334,2.0,True,0.0016666666666666635,0.0
200,20002,0.01,33,14,0.125,2,0.12666666666666668,2.0,True,-0.0016666666666666774,0.0
200,20002,0.025,1,14,0.5,10,0.6966666666666667,13.666666666666666,True,-0.19666666666666666,-3.666666666666666
200,20002,0.025,12,14,0.43,8,0.36999999999999994,7.0,True,0.06000000000000005,1.0
200,20002,0.025,33,14,0.515,10,0.6583333333333333,12.666666666666666,True,-0.1433333333333333,-2.666666666666666
200,20002,0.1,1,14,1.0,20,1.0,20.0,True,0.0,0.0
200,20002,0.1,12,14,1.0,20,1.0,20.0,True,0.0,0.0
200,20002,0.1,33,14,0.98,19,1.0,20.0,True,-0.020000000000000018,-1.0
200,20003,0.0,1,14,0.05,1,0.05000000000000001,1.0,True,-6.938893903907228e-18,0.0
200,20003,0.0,12,14,0.05,1,0.05000000000000001,1.0,True,-6.938893903907228e-18,0.0
200,20003,0.0,33,14,0.05,1,0.05000000000000001,1.0,True,-6.938893903907228e-18,0.0
200,20003,0.01,1,14,0.53,10,0.435,8.333333333333334,True,0.09500000000000003,1.666666666666666
200,20003,0.01,12,14,0.56,11,0.5633333333333334,11.0,True,-0.0033333333333332993,0.0
200,20003,0.01,33,14,0.515,10,0.48500000000000004,9.333333333333334,True,0.02999999999999997,0.6666666666666661
200,20003,0.025,1,14,0.485,10,0.7883333333333334,15.666666666666666,True,-0.30333333333333345,-5.666666666666666
200,20003,0.025,12,14,0.77,15,0.8799999999999999,16.666666666666668,True,-0.10999999999999988,-1.6666666666666679
200,20003,0.025,33,14,0.89,17,0.7966666666666667,14.666666666666666,True,0.09333333333333327,2.333333333333334
200,20003,0.1,1,14,1.0,20,1.0,20.0,True,0.0,0.0
200,20003,0.1,12,14,1.0,20,1.0,20.0,True,0.0,0.0
200,20003,0.1,33,14,0.995,20,1.0,20.0,True,-0.0050000000000000044,0.0
200,20004,0.0,1,14,0.05,1,0.05000000000000001,1.0,True,-6.938893903907228e-18,0.0
200,20004,0.0,12,14,0.05,1,0.05000000000000001,1.0,True,-6.938893903907228e-18,0.0
200,20004,0.0,33,14,0.05,1,0.05000000000000001,1.0,False,-6.938893903907228e-18,0.0
200,20004,0.01,1,14,0.225,4,0.205,3.6666666666666665,True,0.020000000000000018,0.3333333333333335
200,20004,0.01,12,14,0.105,2,0.18499999999999997,3.3333333333333335,True,-0.07999999999999997,-1.3333333333333335
200,20004,0.01,33,14,0.225,4,0.23,4.0,True,-0.0050000000000000044,0.0
200,20004,0.025,1,14,0.88,16,0.9,17.0,True,-0.020000000000000018,-1.0
200,20004,0.025,12,14,0.615,11,0.8183333333333334,15.0,True,-0.20333333333333337,-4.0
200,20004,0.025,33,14,0.58,10,0.9049999999999999,17.333333333333332,True,-0.32499999999999996,-7.333333333333332
200,20004,0.1,1,14,1.0,20,1.0,20.0,True,0.0,0.0
200,20004,0.1,12,14,1.0,20,0.9966666666666667,19.666666666666668,True,0.0033333333333332993,0.33333333333333215
200,20004,0.1,33,14,1.0,20,1.0,20.0,True,0.0,0.0
201,20005,0.0,1,14,0.05,1,0.05000000000000001,1.0,True,-6.938893903907228e-18,0.0
201,20005,0.0,12,14,0.05,1,0.05000000000000001,1.0,True,-6.938893903907228e-18,0.0
201,20005,0.0,33,14,0.05,1,0.05000000000000001,1.0,False,-6.938893903907228e-18,0.0
201,20005,0.01,1,14,0.07,1,0.15166666666666667,2.3333333333333335,True,-0.08166666666666667,-1.3333333333333335
201,20005,0.01,12,14,0.07,1,0.12666666666666668,2.0,True,-0.05666666666666667,-1.0
201,20005,0.01,33,14,0.125,2,0.12833333333333333,2.0,True,-0.003333333333333327,0.0
201,20005,0.025,1,14,0.085,1,0.43,7.666666666666667,True,-0.345,-6.666666666666667
201,20005,0.025,12,14,0.32,6,0.3066666666666667,5.666666666666667,True,0.013333333333333308,0.33333333333333304
201,20005,0.025,33,14,0.33,6,0.33666666666666667,6.0,True,-0.006666666666666654,0.0
201,20005,0.1,1,14,1.0,20,1.0,20.0,True,0.0,0.0
201,20005,0.1,12,14,1.0,20,0.98,19.333333333333332,True,0.020000000000000018,0.6666666666666679
201,20005,0.1,33,14,1.0,20,1.0,20.0,True,0.0,0.0
201,20006,0.0,1,14,0.05,1,0.05000000000000001,1.0,True,-6.938893903907228e-18,0.0
201,20006,0.0,12,14,0.05,1,0.05000000000000001,1.0,True,-6.938893903907228e-18,0.0
201,20006,0.0,33,14,0.05,1,0.05000000000000001,1.0,True,-6.938893903907228e-18,0.0
201,20006,0.01,1,14,0.17,3,0.145,2.3333333333333335,True,0.025000000000000022,0.6666666666666665
201,20006,0.01,12,14,0.17,3,0.14333333333333334,2.3333333333333335,True,0.026666666666666672,0.6666666666666665
201,20006,0.01,33,14,0.13,2,0.12833333333333333,2.0,True,0.0016666666666666774,0.0
201,20006,0.025,1,14,0.385,7,0.4816666666666667,9.333333333333334,True,-0.09666666666666668,-2.333333333333334
201,20006,0.025,12,14,0.44,8,0.4466666666666667,8.666666666666666,True,-0.00666666666666671,-0.6666666666666661
201,20006,0.025,33,14,0.265,5,0.26833333333333337,5.0,True,-0.003333333333333355,0.0
201,20006,0.1,1,14,1.0,20,1.0,20.0,True,0.0,0.0
201,20006,0.1,12,14,1.0,20,0.9483333333333333,19.0,True,0.05166666666666675,1.0
201,20006,0.1,33,14,1.0,20,1.0,20.0,True,0.0,0.0
201,20007,0.0,1,14,0.05,1,0.05000000000000001,1.0,True,-6.938893903907228e-18,0.0
201,20007,0.0,12,14,0.05,1,0.05000000000000001,1.0,True,-6.938893903907228e-18,0.0
201,20007,0.0,33,14,0.05,1,0.05000000000000001,1.0,False,-6.938893903907228e-18,0.0
201,20007,0.01,1,14,0.1,2,0.10166666666666667,2.0,True,-0.0016666666666666635,0.0
201,20007,0.01,12,14,0.1,2,0.10000000000000002,2.0,True,-1.3877787807814457e-17,0.0
201,20007,0.01,33,14,0.1,2,0.10000000000000002,2.0,False,-1.3877787807814457e-17,0.0
201,20007,0.025,1,14,0.115,2,0.2733333333333333,4.666666666666667,True,-0.15833333333333333,-2.666666666666667
201,20007,0.025,12,14,0.115,2,0.115,2.0,True,0.0,0.0
201,20007,0.025,33,14,0.115,2,0.115,2.0,False,0.0,0.0
201,20007,0.1,1,14,0.97,19,1.0,20.0,True,-0.030000000000000027,-1.0
201,20007,0.1,12,14,0.995,20,0.9983333333333334,20.0,True,-0.0033333333333334103,0.0
201,20007,0.1,33,14,0.83,16,0.9383333333333334,18.666666666666668,True,-0.10833333333333339,-2.666666666666668
201,20008,0.0,1,14,0.05,1,0.05000000000000001,1.0,True,-6.938893903907228e-18,0.0
201,20008,0.0,12,14,0.05,1,0.05000000000000001,1.0,True,-6.938893903907228e-18,0.0
201,20008,0.0,33,14,0.05,1,0.05000000000000001,1.0,False,-6.938893903907228e-18,0.0
201,20008,0.01,1,14,0.1,2,0.13333333333333333,2.6666666666666665,True,-0.033333333333333326,-0.6666666666666665
201,20008,0.01,12,14,0.105,2,0.085,1.6666666666666667,True,0.01999999999999999,0.33333333333333326
201,20008,0.01,33,14,0.105,2,0.10166666666666667,2.0,True,0.003333333333333327,0.0
201,20008,0.025,1,14,0.625,12,0.4883333333333333,9.333333333333334,True,0.13666666666666671,2.666666666666666
201,20008,0.025,12,14,0.41,8,0.5683333333333334,11.0,True,-0.15833333333333338,-3.0
201,20008,0.025,33,14,0.965,19,0.96,19.0,True,0.0050000000000000044,0.0
201,20008,0.1,1,14,1.0,20,0.9283333333333333,18.333333333333332,True,0.07166666666666666,1.6666666666666679
201,20008,0.1,12,14,1.0,20,0.6666666666666666,13.0,True,0.33333333333333337,7.0
201,20008,0.1,33,14,1.0,20,0.9249999999999999,18.333333333333332,True,0.07500000000000007,1.6666666666666679
201,20009,0.0,1,14,0.05,1,0.05000000000000001,1.0,True,-6.938893903907228e-18,0.0
201,20009,0.0,12,14,0.05,1,0.05000000000000001,1.0,True,-6.938893903907228e-18,0.0
201,20009,0.0,33,14,0.05,1,0.05000000000000001,1.0,False,-6.938893903907228e-18,0.0
201,20009,0.01,1,14,0.22,5,0.24166666666666667,4.666666666666667,True,-0.021666666666666667,0.33333333333333304
201,20009,0.01,12,14,0.255,5,0.24166666666666667,5.0,True,0.013333333333333336,0.0
201,20009,0.01,33,14,0.25,5,0.25,5.0,True,0.0,0.0
201,20009,0.025,1,14,0.245,5,0.25,4.666666666666667,True,-0.0050000000000000044,0.33333333333333304
201,20009,0.025,12,14,0.26,5,0.26,5.0,True,0.0,0.0
201,20009,0.025,33,14,0.26,5,0.26166666666666666,5.0,True,-0.0016666666666666496,0.0
201,20009,0.1,1,14,1.0,20,1.0,20.0,True,0.0,0.0
201,20009,0.1,12,14,1.0,20,1.0,20.0,True,0.0,0.0
201,20009,0.1,33,14,1.0,20,1.0,20.0,True,0.0,0.0
202,20010,0.0,1,14,0.05,1,0.05000000000000001,1.0,True,-6.938893903907228e-18,0.0
202,20010,0.0,12,14,0.05,1,0.05000000000000001,1.0,True,-6.938893903907228e-18,0.0
202,20010,0.0,33,14,0.05,1,0.05000000000000001,1.0,True,-6.938893903907228e-18,0.0
202,20010,0.01,1,14,0.06,1,0.06,1.0,True,0.0,0.0
202,20010,0.01,12,14,0.06,1,0.06,1.0,True,0.0,0.0
202,20010,0.01,33,14,0.06,1,0.06,1.0,True,0.0,0.0
202,20010,0.025,1,14,0.91,18,0.965,19.333333333333332,True,-0.05499999999999994,-1.3333333333333321
202,20010,0.025,12,14,0.755,14,0.615,11.666666666666666,True,0.14,2.333333333333334
202,20010,0.025,33,14,0.635,11,0.8733333333333334,16.666666666666668,True,-0.2383333333333334,-5.666666666666668
202,20010,0.1,1,14,1.0,20,1.0,20.0,True,0.0,0.0
202,20010,0.1,12,14,1.0,20,0.9916666666666667,20.0,True,0.008333333333333304,0.0
202,20010,0.1,33,14,1.0,20,1.0,20.0,True,0.0,0.0
202,20011,0.0,1,14,0.05,1,0.05000000000000001,1.0,True,-6.938893903907228e-18,0.0
202,20011,0.0,12,14,0.05,1,0.05000000000000001,1.0,True,-6.938893903907228e-18,0.0
202,20011,0.0,33,14,0.05,1,0.05000000000000001,1.0,True,-6.938893903907228e-18,0.0
202,20011,0.01,1,14,0.295,6,0.21666666666666665,4.333333333333333,True,0.07833333333333334,1.666666666666667
202,20011,0.01,12,14,0.345,7,0.2916666666666667,5.666666666666667,True,0.05333333333333329,1.333333333333333
202,20011,0.01,33,14,0.355,7,0.345,7.0,True,0.010000000000000009,0.0
202,20011,0.025,1,14,0.945,20,0.625,11.666666666666666,True,0.31999999999999995,8.333333333333334
202,20011,0.025,12,14,0.315,7,0.3566666666666667,7.0,True,-0.041666666666666685,0.0
202,20011,0.025,33,14,0.3,6,0.4716666666666667,9.0,True,-0.1716666666666667,-3.0
202,20011,0.1,1,14,1.0,20,1.0,20.0,True,0.0,0.0
202,20011,0.1,12,14,1.0,20,0.9983333333333334,20.0,True,0.0016666666666665941,0.0
202,20011,0.1,33,14,1.0,20,1.0,20.0,True,0.0,0.0
202,20012,0.0,1,14,0.05,1,0.05000000000000001,1.0,True,-6.938893903907228e-18,0.0
202,20012,0.0,12,14,0.05,1,0.05000000000000001,1.0,True,-6.938893903907228e-18,0.0
202,20012,0.0,33,14,0.05,1,0.05000000000000001,1.0,False,-6.938893903907228e-18,0.0
202,20012,0.01,1,14,0.105,2,0.13999999999999999,2.6666666666666665,True,-0.03499999999999999,-0.6666666666666665
202,20012,0.01,12,14,0.105,2,0.105,2.0,True,0.0,0.0
202,20012,0.01,33,14,0.105,2,0.105,2.0,False,0.0,0.0
202,20012,0.025,1,14,0.455,8,0.5016666666666666,9.333333333333334,True,-0.04666666666666658,-1.333333333333334
202,20012,0.025,12,14,0.105,2,0.3499999999999999,6.666666666666667,True,-0.24499999999999994,-4.666666666666667
202,20012,0.025,33,14,0.11,2,0.38166666666666665,7.333333333333333,True,-0.27166666666666667,-5.333333333333333
202,20012,0.1,1,14,1.0,20,1.0,20.0,True,0.0,0.0
202,20012,0.1,12,14,1.0,20,0.9983333333333334,20.0,True,0.0016666666666665941,0.0
202,20012,0.1,33,14,1.0,20,1.0,20.0,True,0.0,0.0
202,20013,0.0,1,14,0.05,1,0.05000000000000001,1.0,True,-6.938893903907228e-18,0.0
202,20013,0.0,12,14,0.05,1,0.05000000000000001,1.0,True,-6.938893903907228e-18,0.0
202,20013,0.0,33,14,0.05,1,0.05000000000000001,1.0,False,-6.938893903907228e-18,0.0
202,20013,0.01,1,14,0.05,1,0.245,4.666666666666667,True,-0.195,-3.666666666666667
202,20013,0.01,12,14,0.315,6,0.18999999999999997,3.6666666666666665,True,0.12500000000000003,2.3333333333333335
202,20013,0.01,33,14,0.205,4,0.20333333333333334,4.0,True,0.0016666666666666496,0.0
202,20013,0.025,1,14,0.05,1,0.7683333333333332,15.0,True,-0.7183333333333332,-14.0
202,20013,0.025,12,14,0.82,16,0.8733333333333334,17.333333333333332,True,-0.053333333333333455,-1.3333333333333321
202,20013,0.025,33,14,0.945,19,0.9516666666666667,18.666666666666668,True,-0.00666666666666671,0.33333333333333215
202,20013,0.1,1,14,0.05,1,0.9983333333333334,20.0,True,-0.9483333333333334,-19.0
202,20013,0.1,12,14,1.0,20,1.0,20.0,True,0.0,0.0
202,20013,0.1,33,14,1.0,20,1.0,20.0,True,0.0,0.0
202,20014,0.0,1,14,0.05,1,0.05000000000000001,1.0,True,-6.938893903907228e-18,0.0
202,20014,0.0,12,14,0.05,1,0.05000000000000001,1.0,True,-6.938893903907228e-18,0.0
202,20014,0.0,33,14,0.05,1,0.05000000000000001,1.0,False,-6.938893903907228e-18,0.0
202,20014,0.01,1,14,0.11,2,0.11,2.0,True,0.0,0.0
202,20014,0.01,12,14,0.11,2,0.11333333333333333,2.0,True,-0.003333333333333327,0.0
202,20014,0.01,33,14,0.11,2,0.11,2.0,True,0.0,0.0
202,20014,0.025,1,14,0.945,19,0.3383333333333334,6.0,True,0.6066666666666666,13.0
202,20014,0.025,12,14,0.27,5,0.3433333333333333,6.333333333333333,True,-0.0733333333333333,-1.333333333333333
202,20014,0.025,33,14,0.32,6,0.34,6.0,True,-0.020000000000000018,0.0
202,20014,0.1,1,14,1.0,20,1.0,20.0,True,0.0,0.0
202,20014,0.1,12,14,1.0,20,0.995,20.0,True,0.0050000000000000044,0.0
202,20014,0.1,33,14,1.0,20,1.0,20.0,True,0.0,0.0
203,20015,0.0,1,14,0.05,1,0.05000000000000001,1.0,True,-6.938893903907228e-18,0.0
203,20015,0.0,12,14,0.05,1,0.05000000000000001,1.0,True,-6.938893903907228e-18,0.0
203,20015,0.0,33,14,0.05,1,0.05000000000000001,1.0,False,-6.938893903907228e-18,0.0
203,20015,0.01,1,14,0.24,4,0.26333333333333336,4.666666666666667,True,-0.023333333333333373,-0.666666666666667
203,20015,0.01,12,14,0.285,5,0.245,4.333333333333333,True,0.03999999999999998,0.666666666666667
203,20015,0.01,33,14,0.195,3,0.26,4.0,True,-0.065,-1.0
203,20015,0.025,1,14,0.575,11,0.62,11.333333333333334,True,-0.04500000000000004,-0.3333333333333339
203,20015,0.025,12,14,0.47,9,0.6316666666666667,11.666666666666666,True,-0.16166666666666674,-2.666666666666666
203,20015,0.025,33,14,0.41,7,0.43,7.666666666666667,True,-0.020000000000000018,-0.666666666666667
203,20015,0.1,1,14,1.0,20,1.0,20.0,True,0.0,0.0
203,20015,0.1,12,14,1.0,20,0.9983333333333334,20.0,True,0.0016666666666665941,0.0
203,20015,0.1,33,14,1.0,20,1.0,20.0,True,0.0,0.0
203,20016,0.0,1,14,0.05,1,0.05000000000000001,1.0,True,-6.938893903907228e-18,0.0
203,20016,0.0,12,14,0.05,1,0.05000000000000001,1.0,True,-6.938893903907228e-18,0.0
203,20016,0.0,33,14,0.05,1,0.05000000000000001,1.0,False,-6.938893903907228e-18,0.0
203,20016,0.01,1,14,0.105,2,0.10666666666666667,2.0,True,-0.0016666666666666774,0.0
203,20016,0.01,12,14,0.105,2,0.105,2.0,True,0.0,0.0
203,20016,0.01,33,14,0.11,2,0.11,2.0,True,0.0,0.0
203,20016,0.025,1,14,0.13,2,0.4983333333333333,8.666666666666666,True,-0.3683333333333333,-6.666666666666666
203,20016,0.025,12,14,0.105,2,0.22333333333333336,4.333333333333333,True,-0.11833333333333336,-2.333333333333333
203,20016,0.025,33,14,0.22,4,0.21666666666666667,4.0,True,0.003333333333333327,0.0
203,20016,0.1,1,14,1.0,20,1.0,20.0,True,0.0,0.0
203,20016,0.1,12,14,1.0,20,0.9983333333333334,20.0,True,0.0016666666666665941,0.0
203,20016,0.1,33,14,1.0,20,1.0,20.0,True,0.0,0.0
203,20017,0.0,1,14,0.05,1,0.05000000000000001,1.0,True,-6.938893903907228e-18,0.0
203,20017,0.0,12,14,0.05,1,0.05000000000000001,1.0,True,-6.938893903907228e-18,0.0
203,20017,0.0,33,14,0.05,1,0.05000000000000001,1.0,False,-6.938893903907228e-18,0.0
203,20017,0.01,1,14,0.05,1,0.05000000000000001,1.0,True,-6.938893903907228e-18,0.0
203,20017,0.01,12,14,0.05,1,0.051666666666666666,1.0,True,-0.0016666666666666635,0.0
203,20017,0.01,33,14,0.05,1,0.05000000000000001,1.0,False,-6.938893903907228e-18,0.0
203,20017,0.025,1,14,0.05,1,0.5466666666666667,10.666666666666666,True,-0.49666666666666676,-9.666666666666666
203,20017,0.025,12,14,0.9,18,0.725,14.333333333333334,True,0.17500000000000004,3.666666666666666
203,20017,0.025,33,14,0.355,7,0.59,11.0,True,-0.235,-4.0
203,20017,0.1,1,14,1.0,20,0.9733333333333333,19.333333333333332,True,0.026666666666666727,0.6666666666666679
203,20017,0.1,12,14,1.0,20,0.9983333333333334,20.0,True,0.0016666666666665941,0.0
203,20017,0.1,33,14,1.0,20,1.0,20.0,True,0.0,0.0
203,20018,0.0,1,14,0.05,1,0.05000000000000001,1.0,True,-6.938893903907228e-18,0.0
203,20018,0.0,12,14,0.05,1,0.05000000000000001,1.0,True,-6.938893903907228e-18,0.0
203,20018,0.0,33,14,0.05,1,0.05000000000000001,1.0,False,-6.938893903907228e-18,0.0
203,20018,0.01,1,14,0.315,6,0.19499999999999998,3.6666666666666665,True,0.12000000000000002,2.3333333333333335
203,20018,0.01,12,14,0.165,3,0.21,3.6666666666666665,True,-0.044999999999999984,-0.6666666666666665
203,20018,0.01,33,14,0.275,5,0.3116666666666667,5.666666666666667,True,-0.03666666666666668,-0.666666666666667
203,20018,0.025,1,14,0.24,4,0.40166666666666667,7.333333333333333,True,-0.16166666666666668,-3.333333333333333
203,20018,0.025,12,14,0.23,4,0.25833333333333336,4.333333333333333,True,-0.02833333333333335,-0.33333333333333304
203,20018,0.025,33,14,0.28,5,0.28,5.0,True,0.0,0.0
203,20018,0.1,1,14,1.0,20,1.0,20.0,True,0.0,0.0
203,20018,0.1,12,14,1.0,20,1.0,20.0,True,0.0,0.0
203,20018,0.1,33,14,1.0,20,1.0,20.0,True,0.0,0.0
203,20019,0.0,1,14,0.05,1,0.05000000000000001,1.0,True,-6.938893903907228e-18,0.0
203,20019,0.0,12,14,0.05,1,0.05000000000000001,1.0,True,-6.938893903907228e-18,0.0
203,20019,0.0,33,14,0.05,1,0.05000000000000001,1.0,False,-6.938893903907228e-18,0.0
203,20019,0.01,1,14,0.095,2,0.105,2.0,True,-0.009999999999999995,0.0
203,20019,0.01,12,14,0.095,2,0.09500000000000001,2.0,True,-1.3877787807814457e-17,0.0
203,20019,0.01,33,14,0.095,2,0.09500000000000001,2.0,True,-1.3877787807814457e-17,0.0
203,20019,0.025,1,14,0.6,11,0.2816666666666667,5.333333333333333,True,0.3183333333333333,5.666666666666667
203,20019,0.025,12,14,0.88,17,0.8483333333333333,16.0,True,0.03166666666666673,1.0
203,20019,0.025,33,14,0.79,15,0.6066666666666666,11.666666666666666,True,0.18333333333333346,3.333333333333334
203,20019,0.1,1,14,1.0,20,1.0,20.0,True,0.0,0.0
203,20019,0.1,12,14,1.0,20,1.0,20.0,True,0.0,0.0
203,20019,0.1,33,14,1.0,20,1.0,20.0,True,0.0,0.0
204,20020,0.0,1,14,0.05,1,0.05000000000000001,1.0,True,-6.938893903907228e-18,0.0
204,20020,0.0,12,14,0.05,1,0.05000000000000001,1.0,True,-6.938893903907228e-18,0.0
204,20020,0.0,33,14,0.05,1,0.05000000000000001,1.0,True,-6.938893903907228e-18,0.0
204,20020,0.01,1,14,0.315,5,0.235,4.0,True,0.08000000000000002,1.0
204,20020,0.01,12,14,0.315,5,0.225,3.6666666666666665,True,0.09,1.3333333333333335
204,20020,0.01,33,14,0.445,8,0.30833333333333335,5.333333333333333,True,0.13666666666666666,2.666666666666667
204,20020,0.025,1,14,0.325,5,0.37333333333333335,7.333333333333333,True,-0.04833333333333334,-2.333333333333333
204,20020,0.025,12,14,0.22,4,0.365,7.0,True,-0.145,-3.0
204,20020,0.025,33,14,0.215,4,0.21666666666666667,4.0,True,-0.0016666666666666774,0.0
204,20020,0.1,1,14,1.0,20,0.9233333333333333,18.333333333333332,True,0.07666666666666666,1.6666666666666679
204,20020,0.1,12,14,1.0,20,1.0,20.0,True,0.0,0.0
204,20020,0.1,33,14,1.0,20,1.0,20.0,True,0.0,0.0
204,20021,0.0,1,14,0.05,1,0.05000000000000001,1.0,True,-6.938893903907228e-18,0.0
204,20021,0.0,12,14,0.05,1,0.05000000000000001,1.0,True,-6.938893903907228e-18,0.0
204,20021,0.0,33,14,0.05,1,0.05000000000000001,1.0,True,-6.938893903907228e-18,0.0
204,20021,0.01,1,14,0.24,4,0.24333333333333332,4.0,True,-0.003333333333333327,0.0
204,20021,0.01,12,14,0.245,4,0.225,3.6666666666666665,True,0.01999999999999999,0.3333333333333335
204,20021,0.01,33,14,0.245,4,0.24666666666666667,4.0,True,-0.0016666666666666774,0.0
204,20021,0.025,1,14,0.82,16,0.7166666666666667,13.0,True,0.10333333333333328,3.0
204,20021,0.025,12,14,0.53,11,0.6133333333333333,11.666666666666666,True,-0.08333333333333326,-0.6666666666666661
204,20021,0.025,33,14,0.51,9,0.5066666666666667,9.0,True,0.0033333333333332993,0.0
204,20021,0.1,1,14,1.0,20,0.9983333333333334,20.0,True,0.0016666666666665941,0.0
204,20021,0.1,12,14,1.0,20,1.0,20.0,True,0.0,0.0
204,20021,0.1,33,14,1.0,20,1.0,20.0,True,0.0,0.0
204,20022,0.0,1,14,0.05,1,0.05000000000000001,1.0,True,-6.938893903907228e-18,0.0
204,20022,0.0,12,14,0.05,1,0.05000000000000001,1.0,True,-6.938893903907228e-18,0.0
204,20022,0.0,33,14,0.05,1,0.05000000000000001,1.0,False,-6.938893903907228e-18,0.0
204,20022,0.01,1,14,0.455,9,0.45999999999999996,9.0,True,-0.004999999999999949,0.0
204,20022,0.01,12,14,0.265,5,0.25,4.666666666666667,True,0.015000000000000013,0.33333333333333304
204,20022,0.01,33,14,0.265,5,0.26666666666666666,5.0,True,-0.0016666666666666496,0.0
204,20022,0.025,1,14,0.78,16,0.8266666666666667,16.0,True,-0.046666666666666634,0.0
204,20022,0.025,12,14,0.52,10,0.6383333333333333,13.0,True,-0.11833333333333329,-3.0
204,20022,0.025,33,14,0.765,15,0.82,16.0,True,-0.05499999999999994,-1.0
204,20022,0.1,1,14,1.0,20,1.0,20.0,True,0.0,0.0
204,20022,0.1,12,14,0.995,20,0.9166666666666666,18.333333333333332,True,0.07833333333333337,1.6666666666666679
204,20022,0.1,33,14,1.0,20,1.0,20.0,True,0.0,0.0
204,20023,0.0,1,14,0.05,1,0.05000000000000001,1.0,True,-6.938893903907228e-18,0.0
204,20023,0.0,12,14,0.05,1,0.05000000000000001,1.0,True,-6.938893903907228e-18,0.0
204,20023,0.0,33,14,0.05,1,0.05000000000000001,1.0,True,-6.938893903907228e-18,0.0
204,20023,0.01,1,14,0.06,1,0.065,1.0,True,-0.0050000000000000044,0.0
204,20023,0.01,12,14,0.12,2,0.08833333333333333,1.3333333333333333,True,0.03166666666666666,0.6666666666666667
204,20023,0.01,33,14,0.065,1,0.06666666666666667,1.0,True,-0.0016666666666666635,0.0
204,20023,0.025,1,14,0.645,11,0.26,4.333333333333333,True,0.385,6.666666666666667
204,20023,0.025,12,14,0.11,2,0.535,10.666666666666666,True,-0.42500000000000004,-8.666666666666666
204,20023,0.025,33,14,0.68,14,0.7683333333333332,15.333333333333334,True,-0.08833333333333315,-1.333333333333334
204,20023,0.1,1,14,1.0,20,0.9183333333333333,18.333333333333332,True,0.08166666666666667,1.6666666666666679
204,20023,0.1,12,14,1.0,20,0.9983333333333334,20.0,True,0.0016666666666665941,0.0
204,20023,0.1,33,14,1.0,20,1.0,20.0,True,0.0,0.0
204,20024,0.0,1,14,0.05,1,0.05000000000000001,1.0,True,-6.938893903907228e-18,0.0
204,20024,0.0,12,14,0.05,1,0.05000000000000001,1.0,True,-6.938893903907228e-18,0.0
204,20024,0.0,33,14,0.05,1,0.05000000000000001,1.0,False,-6.938893903907228e-18,0.0
204,20024,0.01,1,14,0.25,5,0.18333333333333335,3.6666666666666665,True,0.06666666666666665,1.3333333333333335
204,20024,0.01,12,14,0.375,7,0.27,5.0,True,0.10499999999999998,2.0
204,20024,0.01,33,14,0.16,3,0.16,3.0,True,0.0,0.0
204,20024,0.025,1,14,0.995,20,0.6,11.333333333333334,True,0.395,8.666666666666666
204,20024,0.025,12,14,0.21,4,0.6033333333333334,11.333333333333334,True,-0.3933333333333334,-7.333333333333334
204,20024,0.025,33,14,0.865,17,0.5533333333333333,10.333333333333334,True,0.31166666666666665,6.666666666666666
204,20024,0.1,1,14,1.0,20,0.9933333333333333,19.666666666666668,True,0.00666666666666671,0.33333333333333215
204,20024,0.1,12,14,0.255,5,1.0,20.0,True,-0.745,-15.0
204,20024,0.1,33,14,1.0,20,0.9966666666666667,19.666666666666668,True,0.0033333333333332993,0.33333333333333215
205,20025,0.0,1,14,0.05,1,0.05000000000000001,1.0,True,-6.938893903907228e-18,0.0
205,20025,0.0,12,14,0.05,1,0.05000000000000001,1.0,True,-6.938893903907228e-18,0.0
205,20025,0.0,33,14,0.05,1,0.05000000000000001,1.0,False,-6.938893903907228e-18,0.0
205,20025,0.01,1,14,0.285,5,0.36000000000000004,7.0,True,-0.07500000000000007,-2.0
205,20025,0.01,12,14,0.655,12,0.315,5.666666666666667,True,0.34,6.333333333333333
205,20025,0.01,33,14,0.645,12,0.6333333333333333,11.666666666666666,True,0.011666666666666714,0.3333333333333339
205,20025,0.025,1,14,0.59,11,0.5216666666666667,10.0,True,0.06833333333333325,1.0
205,20025,0.025,12,14,0.84,16,0.7516666666666666,14.666666666666666,True,0.08833333333333337,1.333333333333334
205,20025,0.025,33,14,0.93,18,0.8683333333333333,17.0,True,0.06166666666666676,1.0
205,20025,0.1,1,14,1.0,20,0.9983333333333334,20.0,True,0.0016666666666665941,0.0
205,20025,0.1,12,14,1.0,20,1.0,20.0,True,0.0,0.0
205,20025,0.1,33,14,1.0,20,1.0,20.0,True,0.0,0.0
205,20026,0.0,1,14,0.05,1,0.05000000000000001,1.0,True,-6.938893903907228e-18,0.0
205,20026,0.0,12,14,0.05,1,0.05000000000000001,1.0,True,-6.938893903907228e-18,0.0
205,20026,0.0,33,14,0.05,1,0.05000000000000001,1.0,True,-6.938893903907228e-18,0.0
205,20026,0.01,1,14,0.335,6,0.21333333333333335,3.6666666666666665,True,0.12166666666666667,2.3333333333333335
205,20026,0.01,12,14,0.215,4,0.2233333333333333,4.0,True,-0.008333333333333304,0.0
205,20026,0.01,33,14,0.22,4,0.21666666666666667,4.0,True,0.003333333333333327,0.0
205,20026,0.025,1,14,0.49,9,0.895,17.666666666666668,True,-0.405,-8.666666666666668
205,20026,0.025,12,14,0.875,18,0.5583333333333333,10.666666666666666,True,0.31666666666666665,7.333333333333334
205,20026,0.025,33,14,0.955,19,0.8700000000000001,16.666666666666668,True,0.08499999999999985,2.333333333333332
205,20026,0.1,1,14,1.0,20,0.9983333333333334,20.0,True,0.0016666666666665941,0.0
205,20026,0.1,12,14,1.0,20,1.0,20.0,True,0.0,0.0
205,20026,0.1,33,14,1.0,20,1.0,20.0,True,0.0,0.0
205,20027,0.0,1,14,0.05,1,0.05000000000000001,1.0,True,-6.938893903907228e-18,0.0
205,20027,0.0,12,14,0.05,1,0.05000000000000001,1.0,True,-6.938893903907228e-18,0.0
205,20027,0.0,33,14,0.05,1,0.05000000000000001,1.0,False,-6.938893903907228e-18,0.0
205,20027,0.01,1,14,0.06,1,0.056666666666666664,1.0,True,0.003333333333333334,0.0
205,20027,0.01,12,14,0.06,1,0.06,1.0,True,0.0,0.0
205,20027,0.01,33,14,0.06,1,0.06,1.0,False,0.0,0.0
205,20027,0.025,1,14,0.13,2,0.2783333333333333,5.0,True,-0.14833333333333332,-3.0
205,20027,0.025,12,14,0.18,2,0.15666666666666668,2.0,True,0.023333333333333317,0.0
205,20027,0.025,33,14,0.635,11,0.3466666666666667,6.333333333333333,True,0.28833333333333333,4.666666666666667
205,20027,0.1,1,14,1.0,20,0.9916666666666667,19.666666666666668,True,0.008333333333333304,0.33333333333333215
205,20027,0.1,12,14,1.0,20,1.0,20.0,True,0.0,0.0
205,20027,0.1,33,14,1.0,20,1.0,20.0,True,0.0,0.0
205,20028,0.0,1,14,0.05,1,0.05000000000000001,1.0,True,-6.938893903907228e-18,0.0
205,20028,0.0,12,14,0.05,1,0.05000000000000001,1.0,True,-6.938893903907228e-18,0.0
205,20028,0.0,33,14,0.05,1,0.05000000000000001,1.0,False,-6.938893903907228e-18,0.0
205,20028,0.01,1,14,0.165,3,0.14333333333333334,2.3333333333333335,True,0.021666666666666667,0.6666666666666665
205,20028,0.01,12,14,0.125,2,0.10333333333333333,1.6666666666666667,True,0.021666666666666667,0.33333333333333326
205,20028,0.01,33,14,0.13,2,0.13333333333333333,2.0,True,-0.003333333333333327,0.0
205,20028,0.025,1,14,0.84,17,0.3216666666666667,5.333333333333333,True,0.5183333333333333,11.666666666666668
205,20028,0.025,12,14,0.79,14,0.5416666666666666,9.666666666666666,True,0.2483333333333334,4.333333333333334
205,20028,0.025,33,14,0.545,10,0.5499999999999999,10.333333333333334,True,-0.004999999999999893,-0.3333333333333339
205,20028,0.1,1,14,1.0,20,1.0,20.0,True,0.0,0.0
205,20028,0.1,12,14,1.0,20,1.0,20.0,True,0.0,0.0
205,20028,0.1,33,14,1.0,20,1.0,20.0,True,0.0,0.0
205,20029,0.0,1,14,0.05,1,0.05000000000000001,1.0,True,-6.938893903907228e-18,0.0
205,20029,0.0,12,14,0.05,1,0.05000000000000001,1.0,True,-6.938893903907228e-18,0.0
205,20029,0.0,33,14,0.05,1,0.05000000000000001,1.0,False,-6.938893903907228e-18,0.0
205,20029,0.01,1,14,0.1,2,0.10000000000000002,2.0,True,-1.3877787807814457e-17,0.0
205,20029,0.01,12,14,0.1,2,0.10000000000000002,2.0,True,-1.3877787807814457e-17,0.0
205,20029,0.01,33,14,0.1,2,0.10000000000000002,2.0,False,-1.3877787807814457e-17,0.0
205,20029,0.025,1,14,0.325,6,0.46166666666666667,9.0,True,-0.13666666666666666,-3.0
205,20029,0.025,12,14,0.375,7,0.3433333333333333,6.666666666666667,True,0.031666666666666676,0.33333333333333304
205,20029,0.025,33,14,0.31,6,0.30666666666666664,6.0,True,0.003333333333333355,0.0
205,20029,0.1,1,14,1.0,20,1.0,20.0,True,0.0,0.0
205,20029,0.1,12,14,1.0,20,1.0,20.0,True,0.0,0.0
205,20029,0.1,33,14,1.0,20,1.0,20.0,True,0.0,0.0
206,20030,0.0,1,14,0.05,1,0.05000000000000001,1.0,True,-6.938893903907228e-18,0.0
206,20030,0.0,12,14,0.05,1,0.05000000000000001,1.0,True,-6.938893903907228e-18,0.0
206,20030,0.0,33,14,0.05,1,0.05000000000000001,1.0,False,-6.938893903907228e-18,0.0
206,20030,0.01,1,14,0.205,4,0.105,2.0,True,0.09999999999999999,2.0
206,20030,0.01,12,14,0.205,4,0.11166666666666665,2.0,True,0.09333333333333334,2.0
206,20030,0.01,33,14,0.105,2,0.105,2.0,True,0.0,0.0
206,20030,0.025,1,14,0.11,2,0.08166666666666667,1.3333333333333333,True,0.028333333333333335,0.6666666666666667
206,20030,0.025,12,14,0.055,1,0.065,1.0,True,-0.010000000000000002,0.0
206,20030,0.025,33,14,0.065,1,0.065,1.0,False,0.0,0.0
206,20030,0.1,1,14,1.0,20,0.7516666666666666,14.333333333333334,True,0.2483333333333334,5.666666666666666
206,20030,0.1,12,14,1.0,20,0.9833333333333334,18.666666666666668,True,0.016666666666666607,1.3333333333333321
206,20030,0.1,33,14,0.995,19,0.995,19.333333333333332,True,0.0,-0.33333333333333215
206,20031,0.0,1,14,0.05,1,0.05000000000000001,1.0,True,-6.938893903907228e-18,0.0
206,20031,0.0,12,14,0.05,1,0.05000000000000001,1.0,True,-6.938893903907228e-18,0.0
206,20031,0.0,33,14,0.05,1,0.05000000000000001,1.0,False,-6.938893903907228e-18,0.0
206,20031,0.01,1,14,0.255,5,0.25833333333333336,5.0,True,-0.003333333333333355,0.0
206,20031,0.01,12,14,0.255,5,0.25333333333333335,5.0,True,0.0016666666666666496,0.0
206,20031,0.01,33,14,0.255,5,0.255,5.0,True,0.0,0.0
206,20031,0.025,1,14,0.755,15,0.7983333333333333,15.333333333333334,True,-0.043333333333333335,-0.3333333333333339
206,20031,0.025,12,14,0.755,15,0.7366666666666667,14.333333333333334,True,0.018333333333333313,0.6666666666666661
206,20031,0.025,33,14,0.75,15,0.745,15.0,True,0.0050000000000000044,0.0
206,20031,0.1,1,14,1.0,20,1.0,20.0,True,0.0,0.0
206,20031,0.1,12,14,1.0,20,0.915,18.0,True,0.08499999999999996,2.0
206,20031,0.1,33,14,0.775,15,1.0,20.0,True,-0.22499999999999998,-5.0
206,20032,0.0,1,14,0.05,1,0.05000000000000001,1.0,True,-6.938893903907228e-18,0.0
206,20032,0.0,12,14,0.05,1,0.05000000000000001,1.0,True,-6.938893903907228e-18,0.0
206,20032,0.0,33,14,0.05,1,0.05000000000000001,1.0,False,-6.938893903907228e-18,0.0
206,20032,0.01,1,14,0.11,2,0.11,2.0,True,0.0,0.0
206,20032,0.01,12,14,0.11,2,0.11,2.0,True,0.0,0.0
206,20032,0.01,33,14,0.11,2,0.11,2.0,True,0.0,0.0
206,20032,0.025,1,14,0.28,5,0.34833333333333333,7.0,True,-0.0683333333333333,-2.0
206,20032,0.025,12,14,0.515,9,0.41333333333333333,7.666666666666667,True,0.10166666666666668,1.333333333333333
206,20032,0.025,33,14,0.275,5,0.33666666666666667,6.333333333333333,True,-0.06166666666666665,-1.333333333333333
206,20032,0.1,1,14,1.0,20,1.0,20.0,True,0.0,0.0
206,20032,0.1,12,14,0.75,15,1.0,20.0,True,-0.25,-5.0
206,20032,0.1,33,14,1.0,20,1.0,20.0,True,0.0,0.0
206,20033,0.0,1,14,0.05,1,0.05000000000000001,1.0,True,-6.938893903907228e-18,0.0
206,20033,0.0,12,14,0.05,1,0.05000000000000001,1.0,True,-6.938893903907228e-18,0.0
206,20033,0.0,33,14,0.05,1,0.05000000000000001,1.0,False,-6.938893903907228e-18,0.0
206,20033,0.01,1,14,0.435,8,0.29,5.0,True,0.14500000000000002,3.0
206,20033,0.01,12,14,0.43,8,0.3283333333333333,6.333333333333333,True,0.10166666666666668,1.666666666666667
206,20033,0.01,33,14,0.43,8,0.26333333333333336,5.0,True,0.16666666666666663,3.0
206,20033,0.025,1,14,0.265,5,0.305,5.666666666666667,True,-0.03999999999999998,-0.666666666666667
206,20033,0.025,12,14,0.27,5,0.25833333333333336,5.0,True,0.011666666666666659,0.0
206,20033,0.025,33,14,0.265,5,0.265,5.0,True,0.0,0.0
206,20033,0.1,1,14,1.0,20,0.8466666666666667,16.666666666666668,True,0.15333333333333332,3.333333333333332
206,20033,0.1,12,14,0.975,19,0.85,16.666666666666668,True,0.125,2.333333333333332
206,20033,0.1,33,14,0.995,20,0.8533333333333334,16.666666666666668,True,0.1416666666666666,3.333333333333332
206,20034,0.0,1,14,0.05,1,0.05000000000000001,1.0,True,-6.938893903907228e-18,0.0
206,20034,0.0,12,14,0.05,1,0.05000000000000001,1.0,True,-6.938893903907228e-18,0.0
206,20034,0.0,33,14,0.05,1,0.05000000000000001,1.0,False,-6.938893903907228e-18,0.0
206,20034,0.01,1,14,0.05,1,0.07,1.3333333333333333,True,-0.020000000000000004,-0.33333333333333326
206,20034,0.01,12,14,0.05,1,0.05000000000000001,1.0,True,-6.938893903907228e-18,0.0
206,20034,0.01,33,14,0.05,1,0.05000000000000001,1.0,False,-6.938893903907228e-18,0.0
206,20034,0.025,1,14,0.055,1,0.22166666666666668,4.0,True,-0.16666666666666669,-3.0
206,20034,0.025,12,14,0.2,4,0.22166666666666668,4.0,True,-0.021666666666666667,0.0
206,20034,0.025,33,14,0.205,4,0.22,4.0,True,-0.015000000000000013,0.0
206,20034,0.1,1,14,1.0,20,1.0,20.0,True,0.0,0.0
206,20034,0.1,12,14,1.0,20,1.0,20.0,True,0.0,0.0
206,20034,0.1,33,14,1.0,20,1.0,20.0,True,0.0,0.0
207,20035,0.0,1,14,0.05,1,0.05000000000000001,1.0,True,-6.938893903907228e-18,0.0
207,20035,0.0,12,14,0.05,1,0.05000000000000001,1.0,True,-6.938893903907228e-18,0.0
207,20035,0.0,33,14,0.05,1,0.05000000000000001,1.0,True,-6.938893903907228e-18,0.0
207,20035,0.01,1,14,0.06,1,0.06,1.0,True,0.0,0.0
207,20035,0.01,12,14,0.06,1,0.056666666666666664,1.0,True,0.003333333333333334,0.0
207,20035,0.01,33,14,0.06,1,0.06,1.0,True,0.0,0.0
207,20035,0.025,1,14,0.22,4,0.22,4.0,True,0.0,0.0
207,20035,0.025,12,14,0.215,4,0.22833333333333336,4.333333333333333,True,-0.013333333333333364,-0.33333333333333304
207,20035,0.025,33,14,0.22,4,0.22333333333333336,4.0,True,-0.003333333333333355,0.0
207,20035,0.1,1,14,1.0,20,1.0,20.0,True,0.0,0.0
207,20035,0.1,12,14,1.0,20,0.9983333333333334,20.0,True,0.0016666666666665941,0.0
207,20035,0.1,33,14,1.0,20,1.0,20.0,True,0.0,0.0
207,20036,0.0,1,14,0.05,1,0.05000000000000001,1.0,True,-6.938893903907228e-18,0.0
207,20036,0.0,12,14,0.05,1,0.05000000000000001,1.0,True,-6.938893903907228e-18,0.0
207,20036,0.0,33,14,0.05,1,0.05000000000000001,1.0,False,-6.938893903907228e-18,0.0
207,20036,0.01,1,14,0.355,7,0.25666666666666665,5.0,True,0.09833333333333333,2.0
207,20036,0.01,12,14,0.4,8,0.38833333333333336,7.666666666666667,True,0.011666666666666659,0.33333333333333304
207,20036,0.01,33,14,0.4,8,0.40166666666666667,8.0,True,-0.0016666666666666496,0.0
207,20036,0.025,1,14,1.0,20,0.8933333333333334,17.333333333333332,True,0.10666666666666658,2.666666666666668
207,20036,0.025,12,14,0.995,20,0.8233333333333333,15.666666666666666,True,0.17166666666666675,4.333333333333334
207,20036,0.025,33,14,0.645,12,0.9583333333333334,18.666666666666668,True,-0.31333333333333335,-6.666666666666668
207,20036,0.1,1,14,1.0,20,0.9966666666666667,20.0,True,0.0033333333333332993,0.0
207,20036,0.1,12,14,1.0,20,1.0,20.0,True,0.0,0.0
207,20036,0.1,33,14,0.995,20,0.995,20.0,True,0.0,0.0
207,20037,0.0,1,14,0.05,1,0.05000000000000001,1.0,True,-6.938893903907228e-18,0.0
207,20037,0.0,12,14,0.05,1,0.05000000000000001,1.0,True,-6.938893903907228e-18,0.0
207,20037,0.0,33,14,0.05,1,0.05000000000000001,1.0,False,-6.938893903907228e-18,0.0
207,20037,0.01,1,14,0.165,3,0.18000000000000002,3.3333333333333335,True,-0.015000000000000013,-0.3333333333333335
207,20037,0.01,12,14,0.155,3,0.17666666666666667,3.3333333333333335,True,-0.021666666666666667,-0.3333333333333335
207,20037,0.01,33,14,0.165,3,0.16166666666666665,3.0,True,0.003333333333333355,0.0
207,20037,0.025,1,14,0.23,4,0.2383333333333333,4.333333333333333,True,-0.008333333333333304,-0.33333333333333304
207,20037,0.025,12,14,0.165,3,0.3383333333333334,6.333333333333333,True,-0.17333333333333337,-3.333333333333333
207,20037,0.025,33,14,0.225,4,0.48500000000000004,9.333333333333334,True,-0.26,-5.333333333333334
207,20037,0.1,1,14,1.0,20,1.0,20.0,True,0.0,0.0
207,20037,0.1,12,14,1.0,20,1.0,20.0,True,0.0,0.0
207,20037,0.1,33,14,0.995,20,0.995,20.0,True,0.0,0.0
207,20038,0.0,1,14,0.05,1,0.05000000000000001,1.0,True,-6.938893903907228e-18,0.0
207,20038,0.0,12,14,0.05,1,0.05000000000000001,1.0,True,-6.938893903907228e-18,0.0
207,20038,0.0,33,14,0.05,1,0.05000000000000001,1.0,False,-6.938893903907228e-18,0.0
207,20038,0.01,1,14,0.2,4,0.22833333333333336,4.333333333333333,True,-0.02833333333333335,-0.33333333333333304
207,20038,0.01,12,14,0.155,3,0.245,4.666666666666667,True,-0.09,-1.666666666666667
207,20038,0.01,33,14,0.155,3,0.155,3.0,True,0.0,0.0
207,20038,0.025,1,14,0.98,20,0.6283333333333333,11.666666666666666,True,0.3516666666666667,8.333333333333334
207,20038,0.025,12,14,0.375,7,0.51,9.0,True,-0.135,-2.0
207,20038,0.025,33,14,0.475,9,0.4383333333333333,8.333333333333334,True,0.03666666666666668,0.6666666666666661
207,20038,0.1,1,14,1.0,20,1.0,20.0,True,0.0,0.0
207,20038,0.1,12,14,1.0,20,1.0,20.0,True,0.0,0.0
207,20038,0.1,33,14,1.0,20,1.0,20.0,True,0.0,0.0
207,20039,0.0,1,14,0.05,1,0.05000000000000001,1.0,True,-6.938893903907228e-18,0.0
207,20039,0.0,12,14,0.05,1,0.05000000000000001,1.0,True,-6.938893903907228e-18,0.0
207,20039,0.0,33,14,0.05,1,0.05000000000000001,1.0,False,-6.938893903907228e-18,0.0
207,20039,0.01,1,14,0.335,7,0.19666666666666666,4.0,True,0.13833333333333336,3.0
207,20039,0.01,12,14,0.19,4,0.20000000000000004,4.0,True,-0.010000000000000037,0.0
207,20039,0.01,33,14,0.2,4,0.20000000000000004,4.0,True,-2.7755575615628914e-17,0.0
207,20039,0.025,1,14,0.245,5,0.16166666666666665,3.0,True,0.08333333333333334,2.0
207,20039,0.025,12,14,0.155,3,0.13999999999999999,2.6666666666666665,True,0.015000000000000013,0.3333333333333335
207,20039,0.025,33,14,0.155,3,0.155,3.0,False,0.0,0.0
207,20039,0.1,1,14,1.0,20,1.0,20.0,True,0.0,0.0
207,20039,0.1,12,14,0.995,20,1.0,20.0,True,-0.0050000000000000044,0.0
207,20039,0.1,33,14,1.0,20,1.0,20.0,True,0.0,0.0
208,20040,0.0,1,14,0.05,1,0.05000000000000001,1.0,True,-6.938893903907228e-18,0.0
208,20040,0.0,12,14,0.05,1,0.05000000000000001,1.0,True,-6.938893903907228e-18,0.0
208,20040,0.0,33,14,0.05,1,0.05000000000000001,1.0,False,-6.938893903907228e-18,0.0
208,20040,0.01,1,14,0.17,3,0.1366666666666667,2.3333333333333335,True,0.033333333333333326,0.6666666666666665
208,20040,0.01,12,14,0.17,4,0.16833333333333333,3.3333333333333335,True,0.0016666666666666774,0.6666666666666665
208,20040,0.01,33,14,0.17,3,0.15,2.6666666666666665,True,0.020000000000000018,0.3333333333333335
208,20040,0.025,1,14,0.2,4,0.16166666666666665,3.3333333333333335,True,0.03833333333333336,0.6666666666666665
208,20040,0.025,12,14,0.06,1,0.14833333333333334,2.6666666666666665,True,-0.08833333333333335,-1.6666666666666665
208,20040,0.025,33,14,0.06,1,0.06,1.0,False,0.0,0.0
208,20040,0.1,1,14,1.0,20,1.0,20.0,True,0.0,0.0
208,20040,0.1,12,14,1.0,20,1.0,20.0,True,0.0,0.0
208,20040,0.1,33,14,1.0,20,1.0,20.0,True,0.0,0.0
208,20041,0.0,1,14,0.05,1,0.05000000000000001,1.0,True,-6.938893903907228e-18,0.0
208,20041,0.0,12,14,0.05,1,0.05000000000000001,1.0,True,-6.938893903907228e-18,0.0
208,20041,0.0,33,14,0.05,1,0.05000000000000001,1.0,False,-6.938893903907228e-18,0.0
208,20041,0.01,1,14,0.295,5,0.295,5.0,True,0.0,0.0
208,20041,0.01,12,14,0.32,5,0.35833333333333334,6.333333333333333,True,-0.03833333333333333,-1.333333333333333
208,20041,0.01,33,14,0.35,6,0.33,5.333333333333333,True,0.019999999999999962,0.666666666666667
208,20041,0.025,1,14,0.72,14,0.5433333333333333,10.333333333333334,True,0.17666666666666664,3.666666666666666
208,20041,0.025,12,14,0.905,18,0.6383333333333333,12.0,True,0.2666666666666667,6.0
208,20041,0.025,33,14,0.54,10,0.725,14.333333333333334,True,-0.18499999999999994,-4.333333333333334
208,20041,0.1,1,14,1.0,20,0.9983333333333334,20.0,True,0.0016666666666665941,0.0
208,20041,0.1,12,14,1.0,20,1.0,20.0,True,0.0,0.0
208,20041,0.1,33,14,1.0,20,1.0,20.0,True,0.0,0.0
208,20042,0.0,1,14,0.05,1,0.05000000000000001,1.0,True,-6.938893903907228e-18,0.0
208,20042,0.0,12,14,0.05,1,0.05000000000000001,1.0,True,-6.938893903907228e-18,0.0
208,20042,0.0,33,14,0.05,1,0.05000000000000001,1.0,True,-6.938893903907228e-18,0.0
208,20042,0.01,1,14,0.07,1,0.07,1.0,True,0.0,0.0
208,20042,0.01,12,14,0.07,1,0.06666666666666667,1.0,True,0.003333333333333341,0.0
208,20042,0.01,33,14,0.07,1,0.07166666666666667,1.0,True,-0.0016666666666666635,0.0
208,20042,0.025,1,14,0.95,18,0.93,18.333333333333332,True,0.019999999999999907,-0.33333333333333215
208,20042,0.025,12,14,0.455,9,0.7166666666666668,13.666666666666666,True,-0.26166666666666677,-4.666666666666666
208,20042,0.025,33,14,0.41,7,0.4033333333333333,7.333333333333333,True,0.006666666666666654,-0.33333333333333304
208,20042,0.1,1,14,1.0,20,1.0,20.0,True,0.0,0.0
208,20042,0.1,12,14,1.0,20,0.9983333333333334,20.0,True,0.0016666666666665941,0.0
208,20042,0.1,33,14,1.0,20,1.0,20.0,True,0.0,0.0
208,20043,0.0,1,14,0.05,1,0.05000000000000001,1.0,True,-6.938893903907228e-18,0.0
208,20043,0.0,12,14,0.05,1,0.05000000000000001,1.0,True,-6.938893903907228e-18,0.0
208,20043,0.0,33,14,0.05,1,0.05000000000000001,1.0,False,-6.938893903907228e-18,0.0
208,20043,0.01,1,14,0.06,1,0.06,1.0,True,0.0,0.0
208,20043,0.01,12,14,0.045,1,0.05499999999999999,1.0,True,-0.009999999999999995,0.0
208,20043,0.01,33,14,0.06,1,0.06,1.0,True,0.0,0.0
208,20043,0.025,1,14,0.08,1,0.20833333333333334,3.3333333333333335,True,-0.12833333333333335,-2.3333333333333335
208,20043,0.025,12,14,0.055,1,0.10833333333333334,1.6666666666666667,True,-0.05333333333333334,-0.6666666666666667
208,20043,0.025,33,14,0.255,4,0.4683333333333333,8.666666666666666,True,-0.21333333333333332,-4.666666666666666
208,20043,0.1,1,14,1.0,20,1.0,20.0,True,0.0,0.0
208,20043,0.1,12,14,1.0,20,0.9966666666666667,20.0,True,0.0033333333333332993,0.0
208,20043,0.1,33,14,1.0,20,1.0,20.0,True,0.0,0.0
208,20044,0.0,1,14,0.05,1,0.05000000000000001,1.0,True,-6.938893903907228e-18,0.0
208,20044,0.0,12,14,0.05,1,0.05000000000000001,1.0,True,-6.938893903907228e-18,0.0
208,20044,0.0,33,14,0.05,1,0.05000000000000001,1.0,False,-6.938893903907228e-18,0.0
208,20044,0.01,1,14,0.06,1,0.06,1.0,True,0.0,0.0
208,20044,0.01,12,14,0.055,1,0.06,1.0,True,-0.0049999999999999975,0.0
208,20044,0.01,33,14,0.06,1,0.06,1.0,False,0.0,0.0
208,20044,0.025,1,14,0.25,4,0.6016666666666667,11.666666666666666,True,-0.3516666666666667,-7.666666666666666
208,20044,0.025,12,14,0.06,1,0.5716666666666667,10.0,True,-0.5116666666666667,-9.0
208,20044,0.025,33,14,0.435,6,0.36833333333333335,6.0,True,0.06666666666666665,0.0
208,20044,0.1,1,14,1.0,20,1.0,20.0,True,0.0,0.0
208,20044,0.1,12,14,1.0,20,1.0,20.0,True,0.0,0.0
208,20044,0.1,33,14,1.0,20,1.0,20.0,True,0.0,0.0
209,20045,0.0,1,14,0.05,1,0.05000000000000001,1.0,True,-6.938893903907228e-18,0.0
209,20045,0.0,12,14,0.05,1,0.05000000000000001,1.0,True,-6.938893903907228e-18,0.0
209,20045,0.0,33,14,0.05,1,0.05000000000000001,1.0,False,-6.938893903907228e-18,0.0
209,20045,0.01,1,14,0.06,1,0.05833333333333333,1.0,True,0.0016666666666666705,0.0
209,20045,0.01,12,14,0.06,1,0.06,1.0,True,0.0,0.0
209,20045,0.01,33,14,0.06,1,0.06,1.0,False,0.0,0.0
209,20045,0.025,1,14,0.87,17,0.9683333333333333,19.333333333333332,True,-0.09833333333333327,-2.333333333333332
209,20045,0.025,12,14,0.97,20,0.7483333333333334,14.333333333333334,True,0.22166666666666657,5.666666666666666
209,20045,0.025,33,14,0.465,9,0.7599999999999999,15.0,True,-0.2949999999999999,-6.0
209,20045,0.1,1,14,1.0,20,1.0,20.0,True,0.0,0.0
209,20045,0.1,12,14,1.0,20,1.0,20.0,True,0.0,0.0
209,20045,0.1,33,14,1.0,20,1.0,20.0,True,0.0,0.0
209,20046,0.0,1,14,0.05,1,0.05000000000000001,1.0,True,-6.938893903907228e-18,0.0
209,20046,0.0,12,14,0.05,1,0.05000000000000001,1.0,True,-6.938893903907228e-18,0.0
209,20046,0.0,33,14,0.05,1,0.05000000000000001,1.0,False,-6.938893903907228e-18,0.0
209,20046,0.01,1,14,0.115,2,0.10666666666666667,2.0,True,0.008333333333333331,0.0
209,20046,0.01,12,14,0.11,2,0.11,2.0,True,0.0,0.0
209,20046,0.01,33,14,0.11,2,0.11,2.0,False,0.0,0.0
209,20046,0.025,1,14,0.12,2,0.12166666666666666,2.0,True,-0.0016666666666666635,0.0
209,20046,0.025,12,14,0.125,2,0.12666666666666668,2.0,True,-0.0016666666666666774,0.0
209,20046,0.025,33,14,0.125,2,0.125,2.0,True,0.0,0.0
209,20046,0.1,1,14,1.0,20,1.0,20.0,True,0.0,0.0
209,20046,0.1,12,14,1.0,20,1.0,20.0,True,0.0,0.0
209,20046,0.1,33,14,1.0,20,1.0,20.0,True,0.0,0.0
209,20047,0.0,1,14,0.05,1,0.05000000000000001,1.0,True,-6.938893903907228e-18,0.0
209,20047,0.0,12,14,0.05,1,0.05000000000000001,1.0,True,-6.938893903907228e-18,0.0
209,20047,0.0,33,14,0.05,1,0.05000000000000001,1.0,False,-6.938893903907228e-18,0.0
209,20047,0.01,1,14,0.05,1,0.056666666666666664,1.0,True,-0.006666666666666661,0.0
209,20047,0.01,12,14,0.06,1,0.06,1.0,True,0.0,0.0
209,20047,0.01,33,14,0.06,1,0.06,1.0,False,0.0,0.0
209,20047,0.025,1,14,0.05,1,0.6,10.0,True,-0.5499999999999999,-9.0
209,20047,0.025,12,14,0.34,5,0.6616666666666666,12.666666666666666,True,-0.3216666666666666,-7.666666666666666
209,20047,0.025,33,14,0.41,7,0.3983333333333334,7.0,True,0.011666666666666603,0.0
209,20047,0.1,1,14,1.0,20,1.0,20.0,True,0.0,0.0
209,20047,0.1,12,14,1.0,20,0.9983333333333334,20.0,True,0.0016666666666665941,0.0
209,20047,0.1,33,14,1.0,20,1.0,20.0,True,0.0,0.0
209,20048,0.0,1,14,0.05,1,0.05000000000000001,1.0,True,-6.938893903907228e-18,0.0
209,20048,0.0,12,14,0.05,1,0.05000000000000001,1.0,True,-6.938893903907228e-18,0.0
209,20048,0.0,33,14,0.05,1,0.05000000000000001,1.0,False,-6.938893903907228e-18,0.0
209,20048,0.01,1,14,0.115,2,0.11,2.0,True,0.0050000000000000044,0.0
209,20048,0.01,12,14,0.115,2,0.11166666666666668,2.0,True,0.003333333333333327,0.0
209,20048,0.01,33,14,0.105,2,0.105,2.0,True,0.0,0.0
209,20048,0.025,1,14,0.57,11,0.19166666666666665,3.6666666666666665,True,0.3783333333333333,7.333333333333334
209,20048,0.025,12,14,0.105,2,0.30833333333333335,6.0,True,-0.20333333333333337,-4.0
209,20048,0.025,33,14,0.105,2,0.105,2.0,True,0.0,0.0
209,20048,0.1,1,14,1.0,20,1.0,20.0,True,0.0,0.0
209,20048,0.1,12,14,0.995,20,0.9283333333333333,18.333333333333332,True,0.06666666666666665,1.6666666666666679
209,20048,0.1,33,14,1.0,20,1.0,20.0,True,0.0,0.0
209,20049,0.0,1,14,0.05,1,0.05000000000000001,1.0,True,-6.938893903907228e-18,0.0
209,20049,0.0,12,14,0.05,1,0.05000000000000001,1.0,True,-6.938893903907228e-18,0.0
209,20049,0.0,33,14,0.05,1,0.05000000000000001,1.0,False,-6.938893903907228e-18,0.0
209,20049,0.01,1,14,0.06,1,0.05833333333333333,1.0,True,0.0016666666666666705,0.0
209,20049,0.01,12,14,0.055,1,0.06,1.0,True,-0.0049999999999999975,0.0
209,20049,0.01,33,14,0.06,1,0.06,1.0,False,0.0,0.0
209,20049,0.025,1,14,0.045,1,0.105,1.3333333333333333,True,-0.06,-0.33333333333333326
209,20049,0.025,12,14,0.055,1,0.18000000000000002,2.6666666666666665,True,-0.12500000000000003,-1.6666666666666665
209,20049,0.025,33,14,0.12,2,0.12666666666666668,1.6666666666666667,True,-0.006666666666666682,0.33333333333333326
209,20049,0.1,1,14,1.0,20,1.0,20.0,True,0.0,0.0
209,20049,0.1,12,14,1.0,20,1.0,20.0,True,0.0,0.0
209,20049,0.1,33,14,1.0,20,1.0,20.0,True,0.0,0.0
210,20050,0.0,1,14,0.05,1,0.05000000000000001,1.0,True,-6.938893903907228e-18,0.0
210,20050,0.0,12,14,0.05,1,0.05000000000000001,1.0,True,-6.938893903907228e-18,0.0
210,20050,0.0,33,14,0.05,1,0.05000000000000001,1.0,True,-6.938893903907228e-18,0.0
210,20050,0.01,1,14,0.24,5,0.15833333333333333,3.0,True,0.08166666666666667,2.0
210,20050,0.01,12,14,0.245,5,0.24,5.0,True,0.0050000000000000044,0.0
210,20050,0.01,33,14,0.165,3,0.215,4.333333333333333,True,-0.04999999999999999,-1.333333333333333
210,20050,0.025,1,14,0.88,18,0.06833333333333334,1.0,True,0.8116666666666666,17.0
210,20050,0.025,12,14,0.975,20,0.8166666666666668,16.0,True,0.15833333333333321,4.0
210,20050,0.025,33,14,0.255,5,0.5866666666666667,10.666666666666666,True,-0.33166666666666667,-5.666666666666666
210,20050,0.1,1,14,1.0,20,1.0,20.0,True,0.0,0.0
210,20050,0.1,12,14,1.0,20,1.0,20.0,True,0.0,0.0
210,20050,0.1,33,14,1.0,20,1.0,20.0,True,0.0,0.0
210,20051,0.0,1,14,0.05,1,0.05000000000000001,1.0,True,-6.938893903907228e-18,0.0
210,20051,0.0,12,14,0.05,1,0.05000000000000001,1.0,True,-6.938893903907228e-18,0.0
210,20051,0.0,33,14,0.05,1,0.05000000000000001,1.0,True,-6.938893903907228e-18,0.0
210,20051,0.01,1,14,0.3,7,0.34833333333333333,7.0,True,-0.04833333333333334,0.0
210,20051,0.01,12,14,0.3,6,0.3833333333333333,7.333333333333333,True,-0.08333333333333331,-1.333333333333333
210,20051,0.01,33,14,0.36,7,0.4116666666666666,7.666666666666667,True,-0.05166666666666664,-0.666666666666667
210,20051,0.025,1,14,0.975,19,0.6933333333333334,13.0,True,0.2816666666666666,6.0
210,20051,0.025,12,14,0.865,16,0.785,15.333333333333334,True,0.07999999999999996,0.6666666666666661
210,20051,0.025,33,14,0.685,13,0.77,15.0,True,-0.08499999999999996,-2.0
210,20051,0.1,1,14,1.0,20,1.0,20.0,True,0.0,0.0
210,20051,0.1,12,14,1.0,20,1.0,20.0,True,0.0,0.0
210,20051,0.1,33,14,1.0,20,1.0,20.0,True,0.0,0.0
210,20052,0.0,1,14,0.05,1,0.05000000000000001,1.0,True,-6.938893903907228e-18,0.0
210,20052,0.0,12,14,0.05,1,0.05000000000000001,1.0,True,-6.938893903907228e-18,0.0
210,20052,0.0,33,14,0.05,1,0.05000000000000001,1.0,False,-6.938893903907228e-18,0.0
210,20052,0.01,1,14,0.08,2,0.08,2.0,True,0.0,0.0
210,20052,0.01,12,14,0.08,2,0.08,2.0,True,0.0,0.0
210,20052,0.01,33,14,0.08,2,0.105,2.3333333333333335,True,-0.024999999999999994,-0.3333333333333335
210,20052,0.025,1,14,0.74,14,0.9033333333333333,17.333333333333332,True,-0.16333333333333333,-3.333333333333332
210,20052,0.025,12,14,1.0,20,0.9283333333333333,18.333333333333332,True,0.07166666666666666,1.6666666666666679
210,20052,0.025,33,14,0.965,19,0.93,18.333333333333332,True,0.03499999999999992,0.6666666666666679
210,20052,0.1,1,14,1.0,20,1.0,20.0,True,0.0,0.0
210,20052,0.1,12,14,1.0,20,1.0,20.0,True,0.0,0.0
210,20052,0.1,33,14,1.0,20,1.0,20.0,True,0.0,0.0
210,20053,0.0,1,14,0.005,1,0.005,1.0,True,0.0,0.0
210,20053,0.0,12,14,0.005,1,0.005,1.0,False,0.0,0.0
210,20053,0.0,33,14,0.005,1,0.005,1.0,False,0.0,0.0
210,20053,0.01,1,14,0.005,1,0.005,1.0,True,0.0,0.0
210,20053,0.01,12,14,0.005,1,0.005,1.0,False,0.0,0.0
210,20053,0.01,33,14,0.005,1,0.005,1.0,False,0.0,0.0
210,20053,0.025,1,14,0.005,1,0.005,1.0,True,0.0,0.0
210,20053,0.025,12,14,0.005,1,0.005,1.0,False,0.0,0.0
210,20053,0.025,33,14,0.005,1,0.005,1.0,False,0.0,0.0
210,20053,0.1,1,14,0.005,1,0.006666666666666667,1.0,True,-0.001666666666666667,0.0
210,20053,0.1,12,14,0.01,1,0.01,1.0,False,0.0,0.0
210,20053,0.1,33,14,0.01,1,0.01,1.0,False,0.0,0.0
210,20054,0.0,1,14,0.05,1,0.05000000000000001,1.0,True,-6.938893903907228e-18,0.0
210,20054,0.0,12,14,0.05,1,0.05000000000000001,1.0,True,-6.938893903907228e-18,0.0
210,20054,0.0,33,14,0.05,1,0.05000000000000001,1.0,True,-6.938893903907228e-18,0.0
210,20054,0.01,1,14,0.07,1,0.07,1.0,True,0.0,0.0
210,20054,0.01,12,14,0.07,1,0.07,1.0,True,0.0,0.0
210,20054,0.01,33,14,0.07,1,0.07,1.0,True,0.0,0.0
210,20054,0.025,1,14,0.47,8,0.615,11.666666666666666,True,-0.14500000000000002,-3.666666666666666
210,20054,0.025,12,14,0.95,19,0.6483333333333333,12.0,True,0.30166666666666664,7.0
210,20054,0.025,33,14,0.545,10,0.8033333333333333,15.666666666666666,True,-0.2583333333333333,-5.666666666666666
210,20054,0.1,1,14,1.0,20,1.0,20.0,True,0.0,0.0
210,20054,0.1,12,14,1.0,20,1.0,20.0,True,0.0,0.0
210,20054,0.1,33,14,1.0,20,1.0,20.0,True,0.0,0.0
211,20055,0.0,1,14,0.05,1,0.05000000000000001,1.0,True,-6.938893903907228e-18,0.0
211,20055,0.0,12,14,0.05,1,0.05000000000000001,1.0,True,-6.938893903907228e-18,0.0
211,20055,0.0,33,14,0.05,1,0.05000000000000001,1.0,True,-6.938893903907228e-18,0.0
211,20055,0.01,1,14,0.13,2,0.11,1.6666666666666667,True,0.020000000000000004,0.33333333333333326
211,20055,0.01,12,14,0.125,2,0.12666666666666668,2.0,True,-0.0016666666666666774,0.0
211,20055,0.01,33,14,0.125,2,0.125,2.0,True,0.0,0.0
211,20055,0.025,1,14,0.285,5,0.46166666666666667,8.333333333333334,True,-0.1766666666666667,-3.333333333333334
211,20055,0.025,12,14,0.195,3,0.39999999999999997,6.666666666666667,True,-0.20499999999999996,-3.666666666666667
211,20055,0.025,33,14,0.575,10,0.4066666666666667,7.333333333333333,True,0.16833333333333328,2.666666666666667
211,20055,0.1,1,14,1.0,20,1.0,20.0,True,0.0,0.0
211,20055,0.1,12,14,0.995,20,0.9950000000000001,20.0,True,-1.1102230246251565e-16,0.0
211,20055,0.1,33,14,1.0,20,1.0,20.0,True,0.0,0.0
211,20056,0.0,1,14,0.05,1,0.05000000000000001,1.0,True,-6.938893903907228e-18,0.0
211,20056,0.0,12,14,0.05,1,0.05000000000000001,1.0,True,-6.938893903907228e-18,0.0
211,20056,0.0,33,14,0.05,1,0.05000000000000001,1.0,False,-6.938893903907228e-18,0.0
211,20056,0.01,1,14,0.165,3,0.12333333333333334,2.3333333333333335,True,0.04166666666666667,0.6666666666666665
211,20056,0.01,12,14,0.16,3,0.14666666666666667,2.6666666666666665,True,0.013333333333333336,0.3333333333333335
211,20056,0.01,33,14,0.155,3,0.16,3.0,True,-0.0050000000000000044,0.0
211,20056,0.025,1,14,0.525,10,0.5466666666666667,10.333333333333334,True,-0.021666666666666723,-0.3333333333333339
211,20056,0.025,12,14,0.715,14,0.8033333333333333,16.0,True,-0.08833333333333337,-2.0
211,20056,0.025,33,14,0.69,13,0.6616666666666666,12.666666666666666,True,0.02833333333333332,0.3333333333333339
211,20056,0.1,1,14,1.0,20,1.0,20.0,True,0.0,0.0
211,20056,0.1,12,14,1.0,20,1.0,20.0,True,0.0,0.0
211,20056,0.1,33,14,1.0,20,1.0,20.0,True,0.0,0.0
211,20057,0.0,1,14,0.05,1,0.05000000000000001,1.0,True,-6.938893903907228e-18,0.0
211,20057,0.0,12,14,0.05,1,0.05000000000000001,1.0,True,-6.938893903907228e-18,0.0
211,20057,0.0,33,14,0.05,1,0.05000000000000001,1.0,False,-6.938893903907228e-18,0.0
211,20057,0.01,1,14,0.055,1,0.055,1.0,True,0.0,0.0
211,20057,0.01,12,14,0.055,1,0.055,1.0,True,0.0,0.0
211,20057,0.01,33,14,0.055,1,0.055,1.0,False,0.0,0.0
211,20057,0.025,1,14,0.11,2,0.24833333333333332,4.333333333333333,True,-0.1383333333333333,-2.333333333333333
211,20057,0.025,12,14,0.14,2,0.4083333333333334,7.666666666666667,True,-0.26833333333333337,-5.666666666666667
211,20057,0.025,33,14,0.13,2,0.15833333333333335,3.0,True,-0.02833333333333335,-1.0
211,20057,0.1,1,14,1.0,20,1.0,20.0,True,0.0,0.0
211,20057,0.1,12,14,1.0,20,0.9916666666666667,19.666666666666668,True,0.008333333333333304,0.33333333333333215
211,20057,0.1,33,14,1.0,20,1.0,20.0,True,0.0,0.0
211,20058,0.0,1,14,0.05,1,0.05000000000000001,1.0,True,-6.938893903907228e-18,0.0
211,20058,0.0,12,14,0.05,1,0.05000000000000001,1.0,True,-6.938893903907228e-18,0.0
211,20058,0.0,33,14,0.05,1,0.05000000000000001,1.0,False,-6.938893903907228e-18,0.0
211,20058,0.01,1,14,0.06,1,0.06,1.0,True,0.0,0.0
211,20058,0.01,12,14,0.06,1,0.06,1.0,True,0.0,0.0
211,20058,0.01,33,14,0.06,1,0.06,1.0,False,0.0,0.0
211,20058,0.025,1,14,0.67,13,0.45333333333333337,8.666666666666666,True,0.21666666666666667,4.333333333333334
211,20058,0.025,12,14,0.87,17,0.32166666666666666,6.0,True,0.5483333333333333,11.0
211,20058,0.025,33,14,0.8,15,0.4716666666666667,8.333333333333334,True,0.32833333333333337,6.666666666666666
211,20058,0.1,1,14,1.0,20,0.9900000000000001,20.0,True,0.009999999999999898,0.0
211,20058,0.1,12,14,1.0,20,0.9983333333333334,20.0,True,0.0016666666666665941,0.0
211,20058,0.1,33,14,1.0,20,1.0,20.0,True,0.0,0.0
211,20059,0.0,1,14,0.05,1,0.05000000000000001,1.0,True,-6.938893903907228e-18,0.0
211,20059,0.0,12,14,0.05,1,0.05000000000000001,1.0,True,-6.938893903907228e-18,0.0
211,20059,0.0,33,14,0.05,1,0.05000000000000001,1.0,True,-6.938893903907228e-18,0.0
211,20059,0.01,1,14,0.16,3,0.15666666666666665,3.0,True,0.003333333333333355,0.0
211,20059,0.01,12,14,0.155,3,0.17666666666666667,3.3333333333333335,True,-0.021666666666666667,-0.3333333333333335
211,20059,0.01,33,14,0.155,3,0.15333333333333332,3.0,True,0.0016666666666666774,0.0
211,20059,0.025,1,14,0.98,20,0.6266666666666666,12.666666666666666,True,0.3533333333333334,7.333333333333334
211,20059,0.025,12,14,0.97,20,0.6666666666666666,12.333333333333334,True,0.30333333333333334,7.666666666666666
211,20059,0.025,33,14,0.475,9,0.7316666666666668,14.666666666666666,True,-0.2566666666666668,-5.666666666666666
211,20059,0.1,1,14,1.0,20,0.9983333333333334,20.0,True,0.0016666666666665941,0.0
211,20059,0.1,12,14,1.0,20,0.995,19.666666666666668,True,0.0050000000000000044,0.33333333333333215
211,20059,0.1,33,14,1.0,20,1.0,20.0,True,0.0,0.0
212,20060,0.0,1,14,0.05,1,0.05000000000000001,1.0,True,-6.938893903907228e-18,0.0
212,20060,0.0,12,14,0.05,1,0.05000000000000001,1.0,True,-6.938893903907228e-18,0.0
212,20060,0.0,33,14,0.05,1,0.05000000000000001,1.0,True,-6.938893903907228e-18,0.0
212,20060,0.01,1,14,0.105,2,0.17166666666666666,3.0,True,-0.06666666666666667,-1.0
212,20060,0.01,12,14,0.105,2,0.10333333333333333,2.0,True,0.0016666666666666635,0.0
212,20060,0.01,33,14,0.105,2,0.105,2.0,True,0.0,0.0
212,20060,0.025,1,14,0.69,13,0.785,15.333333333333334,True,-0.09500000000000008,-2.333333333333334
212,20060,0.025,12,14,0.76,15,0.4033333333333333,7.666666666666667,True,0.3566666666666667,7.333333333333333
212,20060,0.025,33,14,0.265,5,0.5366666666666666,11.0,True,-0.2716666666666666,-6.0
212,20060,0.1,1,14,1.0,20,1.0,20.0,True,0.0,0.0
212,20060,0.1,12,14,0.99,20,1.0,20.0,True,-0.010000000000000009,0.0
212,20060,0.1,33,14,1.0,20,1.0,20.0,True,0.0,0.0
212,20061,0.0,1,14,0.05,1,0.05000000000000001,1.0,True,-6.938893903907228e-18,0.0
212,20061,0.0,12,14,0.05,1,0.05000000000000001,1.0,True,-6.938893903907228e-18,0.0
212,20061,0.0,33,14,0.05,1,0.05000000000000001,1.0,False,-6.938893903907228e-18,0.0
212,20061,0.01,1,14,0.06,1,0.06,1.0,True,0.0,0.0
212,20061,0.01,12,14,0.06,1,0.06,1.0,True,0.0,0.0
212,20061,0.01,33,14,0.06,1,0.06,1.0,False,0.0,0.0
212,20061,0.025,1,14,0.64,11,0.6749999999999999,13.0,True,-0.03499999999999992,-2.0
212,20061,0.025,12,14,0.965,19,0.7133333333333333,13.666666666666666,True,0.2516666666666667,5.333333333333334
212,20061,0.025,33,14,0.715,13,0.8616666666666667,16.666666666666668,True,-0.14666666666666672,-3.666666666666668
212,20061,0.1,1,14,1.0,20,0.9233333333333333,18.333333333333332,True,0.07666666666666666,1.6666666666666679
212,20061,0.1,12,14,1.0,20,0.995,20.0,True,0.0050000000000000044,0.0
212,20061,0.1,33,14,1.0,20,1.0,20.0,True,0.0,0.0
212,20062,0.0,1,14,0.05,1,0.05000000000000001,1.0,True,-6.938893903907228e-18,0.0
212,20062,0.0,12,14,0.05,1,0.05000000000000001,1.0,True,-6.938893903907228e-18,0.0
212,20062,0.0,33,14,0.05,1,0.05000000000000001,1.0,False,-6.938893903907228e-18,0.0
212,20062,0.01,1,14,0.26,5,0.14166666666666666,2.6666666666666665,True,0.11833333333333335,2.3333333333333335
212,20062,0.01,12,14,0.265,5,0.24166666666666667,4.666666666666667,True,0.023333333333333345,0.33333333333333304
212,20062,0.01,33,14,0.165,3,0.215,4.0,True,-0.04999999999999999,-1.0
212,20062,0.025,1,14,0.725,14,0.21,3.6666666666666665,True,0.515,10.333333333333334
212,20062,0.025,12,14,0.505,10,0.7399999999999999,14.333333333333334,True,-0.23499999999999988,-4.333333333333334
212,20062,0.025,33,14,0.51,10,0.98,19.666666666666668,True,-0.47,-9.666666666666668
212,20062,0.1,1,14,0.775,15,0.9249999999999999,18.333333333333332,True,-0.1499999999999999,-3.333333333333332
212,20062,0.1,12,14,0.795,15,0.9199999999999999,18.333333333333332,True,-0.12499999999999989,-3.333333333333332
212,20062,0.1,33,14,0.75,15,1.0,20.0,True,-0.25,-5.0
212,20063,0.0,1,14,0.05,1,0.05000000000000001,1.0,True,-6.938893903907228e-18,0.0
212,20063,0.0,12,14,0.05,1,0.05000000000000001,1.0,True,-6.938893903907228e-18,0.0
212,20063,0.0,33,14,0.05,1,0.05000000000000001,1.0,False,-6.938893903907228e-18,0.0
212,20063,0.01,1,14,0.065,1,0.065,1.0,True,0.0,0.0
212,20063,0.01,12,14,0.065,1,0.065,1.0,True,0.0,0.0
212,20063,0.01,33,14,0.065,1,0.065,1.0,False,0.0,0.0
212,20063,0.025,1,14,0.48,8,0.5916666666666667,11.0,True,-0.11166666666666669,-3.0
212,20063,0.025,12,14,0.485,9,0.7683333333333334,14.0,True,-0.28333333333333344,-5.0
212,20063,0.025,33,14,0.815,16,0.7583333333333333,14.333333333333334,True,0.05666666666666664,1.666666666666666
212,20063,0.1,1,14,1.0,20,1.0,20.0,True,0.0,0.0
212,20063,0.1,12,14,0.995,20,0.8333333333333334,16.666666666666668,True,0.16166666666666663,3.333333333333332
212,20063,0.1,33,14,0.995,20,0.9966666666666667,20.0,True,-0.0016666666666667052,0.0
212,20064,0.0,1,14,0.05,1,0.05000000000000001,1.0,True,-6.938893903907228e-18,0.0
212,20064,0.0,12,14,0.05,1,0.05000000000000001,1.0,True,-6.938893903907228e-18,0.0
212,20064,0.0,33,14,0.05,1,0.05000000000000001,1.0,True,-6.938893903907228e-18,0.0
212,20064,0.01,1,14,0.055,1,0.051666666666666666,1.0,True,0.003333333333333334,0.0
212,20064,0.01,12,14,0.055,1,0.056666666666666664,1.0,True,-0.0016666666666666635,0.0
212,20064,0.01,33,14,0.055,1,0.055,1.0,True,0.0,0.0
212,20064,0.025,1,14,0.215,5,0.3433333333333333,6.333333333333333,True,-0.12833333333333333,-1.333333333333333
212,20064,0.025,12,14,0.265,5,0.5333333333333333,9.666666666666666,True,-0.2683333333333333,-4.666666666666666
212,20064,0.025,33,14,0.335,6,0.5216666666666666,9.666666666666666,True,-0.1866666666666666,-3.666666666666666
212,20064,0.1,1,14,1.0,20,1.0,20.0,True,0.0,0.0
212,20064,0.1,12,14,1.0,20,1.0,20.0,True,0.0,0.0
212,20064,0.1,33,14,1.0,20,1.0,20.0,True,0.0,0.0
213,20065,0.0,1,14,0.05,1,0.05000000000000001,1.0,True,-6.938893903907228e-18,0.0
213,20065,0.0,12,14,0.05,1,0.05000000000000001,1.0,True,-6.938893903907228e-18,0.0
213,20065,0.0,33,14,0.05,1,0.05000000000000001,1.0,False,-6.938893903907228e-18,0.0
213,20065,0.01,1,14,0.175,3,0.16833333333333333,3.0,True,0.006666666666666654,0.0
213,20065,0.01,12,14,0.165,3,0.16666666666666666,3.0,True,-0.0016666666666666496,0.0
213,20065,0.01,33,14,0.17,3,0.17,3.0,True,0.0,0.0
213,20065,0.025,1,14,0.265,5,0.4583333333333333,9.0,True,-0.1933333333333333,-4.0
213,20065,0.025,12,14,0.255,5,0.25666666666666665,5.0,True,-0.0016666666666666496,0.0
213,20065,0.025,33,14,0.255,5,0.255,5.0,True,0.0,0.0
213,20065,0.1,1,14,1.0,20,0.9983333333333334,20.0,True,0.0016666666666665941,0.0
213,20065,0.1,12,14,1.0,20,0.995,19.666666666666668,True,0.0050000000000000044,0.33333333333333215
213,20065,0.1,33,14,1.0,20,1.0,20.0,True,0.0,0.0
213,20066,0.0,1,14,0.05,1,0.05000000000000001,1.0,True,-6.938893903907228e-18,0.0
213,20066,0.0,12,14,0.05,1,0.05000000000000001,1.0,True,-6.938893903907228e-18,0.0
213,20066,0.0,33,14,0.05,1,0.05000000000000001,1.0,False,-6.938893903907228e-18,0.0
213,20066,0.01,1,14,0.115,2,0.11833333333333333,2.0,True,-0.003333333333333327,0.0
213,20066,0.01,12,14,0.115,2,0.115,2.0,True,0.0,0.0
213,20066,0.01,33,14,0.115,2,0.11333333333333334,2.0,True,0.0016666666666666635,0.0
213,20066,0.025,1,14,0.855,16,0.605,11.333333333333334,True,0.25,4.666666666666666
213,20066,0.025,12,14,0.675,12,0.6716666666666667,12.0,True,0.0033333333333332993,0.0
213,20066,0.025,33,14,0.925,18,0.7733333333333334,14.666666666666666,True,0.15166666666666662,3.333333333333334
213,20066,0.1,1,14,1.0,20,1.0,20.0,True,0.0,0.0
213,20066,0.1,12,14,1.0,20,0.9983333333333334,20.0,True,0.0016666666666665941,0.0
213,20066,0.1,33,14,1.0,20,1.0,20.0,True,0.0,0.0
213,20067,0.0,1,14,0.05,1,0.05000000000000001,1.0,True,-6.938893903907228e-18,0.0
213,20067,0.0,12,14,0.05,1,0.05000000000000001,1.0,True,-6.938893903907228e-18,0.0
213,20067,0.0,33,14,0.05,1,0.05000000000000001,1.0,False,-6.938893903907228e-18,0.0
213,20067,0.01,1,14,0.06,1,0.06,1.0,True,0.0,0.0
213,20067,0.01,12,14,0.06,1,0.06,1.0,True,0.0,0.0
213,20067,0.01,33,14,0.06,1,0.06,1.0,True,0.0,0.0
213,20067,0.025,1,14,0.99,20,0.6966666666666667,13.333333333333334,True,0.29333333333333333,6.666666666666666
213,20067,0.025,12,14,0.44,8,0.515,9.666666666666666,True,-0.07500000000000001,-1.666666666666666
213,20067,0.025,33,14,0.46,9,0.45333333333333337,8.666666666666666,True,0.006666666666666654,0.3333333333333339
213,20067,0.1,1,14,1.0,20,1.0,20.0,True,0.0,0.0
213,20067,0.1,12,14,0.725,14,1.0,20.0,True,-0.275,-6.0
213,20067,0.1,33,14,1.0,20,1.0,20.0,True,0.0,0.0
213,20068,0.0,1,14,0.05,1,0.05000000000000001,1.0,True,-6.938893903907228e-18,0.0
213,20068,0.0,12,14,0.05,1,0.05000000000000001,1.0,True,-6.938893903907228e-18,0.0
213,20068,0.0,33,14,0.05,1,0.05000000000000001,1.0,False,-6.938893903907228e-18,0.0
213,20068,0.01,1,14,0.335,7,0.3016666666666667,6.666666666666667,True,0.033333333333333326,0.33333333333333304
213,20068,0.01,12,14,0.355,8,0.355,7.333333333333333,True,0.0,0.666666666666667
213,20068,0.01,33,14,0.35,8,0.33666666666666667,8.0,True,0.013333333333333308,0.0
213,20068,0.025,1,14,0.44,7,0.4166666666666667,7.333333333333333,True,0.023333333333333317,-0.33333333333333304
213,20068,0.025,12,14,0.44,8,0.44,7.333333333333333,True,0.0,0.666666666666667
213,20068,0.025,33,14,0.355,6,0.3833333333333333,6.666666666666667,True,-0.02833333333333332,-0.666666666666667
213,20068,0.1,1,14,1.0,20,1.0,20.0,True,0.0,0.0
213,20068,0.1,12,14,1.0,20,0.9249999999999999,18.333333333333332,True,0.07500000000000007,1.6666666666666679
213,20068,0.1,33,14,1.0,20,1.0,20.0,True,0.0,0.0
213,20069,0.0,1,14,0.05,1,0.05000000000000001,1.0,True,-6.938893903907228e-18,0.0
213,20069,0.0,12,14,0.05,1,0.05000000000000001,1.0,True,-6.938893903907228e-18,0.0
213,20069,0.0,33,14,0.05,1,0.05000000000000001,1.0,False,-6.938893903907228e-18,0.0
213,20069,0.01,1,14,0.165,3,0.27999999999999997,5.0,True,-0.11499999999999996,-2.0
213,20069,0.01,12,14,0.385,7,0.35833333333333334,6.333333333333333,True,0.026666666666666672,0.666666666666667
213,20069,0.01,33,14,0.43,8,0.39166666666666666,7.0,True,0.03833333333333333,1.0
213,20069,0.025,1,14,0.265,5,0.5,10.0,True,-0.235,-5.0
213,20069,0.025,12,14,0.545,10,0.7600000000000001,14.333333333333334,True,-0.21500000000000008,-4.333333333333334
213,20069,0.025,33,14,0.55,10,0.5633333333333334,10.0,True,-0.013333333333333308,0.0
213,20069,0.1,1,14,1.0,20,1.0,20.0,True,0.0,0.0
213,20069,0.1,12,14,0.995,20,1.0,20.0,True,-0.0050000000000000044,0.0
213,20069,0.1,33,14,1.0,20,1.0,20.0,True,0.0,0.0
214,20070,0.0,1,14,0.05,1,0.05000000000000001,1.0,True,-6.938893903907228e-18,0.0
214,20070,0.0,12,14,0.05,1,0.05000000000000001,1.0,True,-6.938893903907228e-18,0.0
214,20070,0.0,33,14,0.05,1,0.05000000000000001,1.0,False,-6.938893903907228e-18,0.0
214,20070,0.01,1,14,0.115,2,0.11,2.0,True,0.0050000000000000044,0.0
214,20070,0.01,12,14,0.11,2,0.075,1.3333333333333333,True,0.035,0.6666666666666667
214,20070,0.01,33,14,0.11,2,0.11,2.0,True,0.0,0.0
214,20070,0.025,1,14,0.8,16,0.315,5.666666666666667,True,0.48500000000000004,10.333333333333332
214,20070,0.025,12,14,0.43,8,0.5733333333333334,11.0,True,-0.14333333333333337,-3.0
214,20070,0.025,33,14,0.465,9,0.47333333333333333,9.0,True,-0.008333333333333304,0.0
214,20070,0.1,1,14,1.0,20,0.9983333333333334,20.0,True,0.0016666666666665941,0.0
214,20070,0.1,12,14,1.0,20,0.9983333333333334,20.0,True,0.0016666666666665941,0.0
214,20070,0.1,33,14,1.0,20,0.9866666666666667,19.666666666666668,True,0.013333333333333308,0.33333333333333215
214,20071,0.0,1,14,0.05,1,0.05000000000000001,1.0,True,-6.938893903907228e-18,0.0
214,20071,0.0,12,14,0.05,1,0.05000000000000001,1.0,True,-6.938893903907228e-18,0.0
214,20071,0.0,33,14,0.05,1,0.05000000000000001,1.0,True,-6.938893903907228e-18,0.0
214,20071,0.01,1,14,0.31,6,0.29,5.333333333333333,True,0.020000000000000018,0.666666666666667
214,20071,0.01,12,14,0.215,4,0.215,4.0,True,0.0,0.0
214,20071,0.01,33,14,0.215,4,0.215,4.0,True,0.0,0.0
214,20071,0.025,1,14,0.685,13,0.5783333333333333,11.333333333333334,True,0.1066666666666668,1.666666666666666
214,20071,0.025,12,14,0.945,19,0.9066666666666666,17.666666666666668,True,0.03833333333333333,1.3333333333333321
214,20071,0.025,33,14,0.995,20,0.9666666666666667,19.333333333333332,True,0.02833333333333332,0.6666666666666679
214,20071,0.1,1,14,1.0,20,1.0,20.0,True,0.0,0.0
214,20071,0.1,12,14,1.0,20,1.0,20.0,True,0.0,0.0
214,20071,0.1,33,14,1.0,20,0.9916666666666667,19.666666666666668,True,0.008333333333333304,0.33333333333333215
214,20072,0.0,1,14,0.05,1,0.05000000000000001,1.0,True,-6.938893903907228e-18,0.0
214,20072,0.0,12,14,0.05,1,0.05000000000000001,1.0,True,-6.938893903907228e-18,0.0
214,20072,0.0,33,14,0.05,1,0.05000000000000001,1.0,False,-6.938893903907228e-18,0.0
214,20072,0.01,1,14,0.065,1,0.06166666666666667,1.0,True,0.003333333333333334,0.0
214,20072,0.01,12,14,0.06,1,0.06,1.0,True,0.0,0.0
214,20072,0.01,33,14,0.06,1,0.06,1.0,False,0.0,0.0
214,20072,0.025,1,14,0.37,7,0.6733333333333333,13.333333333333334,True,-0.30333333333333334,-6.333333333333334
214,20072,0.025,12,14,0.42,8,0.7016666666666667,13.666666666666666,True,-0.2816666666666667,-5.666666666666666
214,20072,0.025,33,14,0.76,15,0.8283333333333333,16.333333333333332,True,-0.06833333333333325,-1.3333333333333321
214,20072,0.1,1,14,1.0,20,1.0,20.0,True,0.0,0.0
214,20072,0.1,12,14,1.0,20,0.9983333333333334,20.0,True,0.0016666666666665941,0.0
214,20072,0.1,33,14,1.0,20,1.0,20.0,True,0.0,0.0
214,20073,0.0,1,14,0.05,1,0.05000000000000001,1.0,True,-6.938893903907228e-18,0.0
214,20073,0.0,12,14,0.05,1,0.05000000000000001,1.0,True,-6.938893903907228e-18,0.0
214,20073,0.0,33,14,0.05,1,0.05000000000000001,1.0,False,-6.938893903907228e-18,0.0
214,20073,0.01,1,14,0.105,2,0.13999999999999999,2.6666666666666665,True,-0.03499999999999999,-0.6666666666666665
214,20073,0.01,12,14,0.105,2,0.105,2.0,True,0.0,0.0
214,20073,0.01,33,14,0.105,2,0.105,2.0,True,0.0,0.0
214,20073,0.025,1,14,0.715,13,0.255,4.333333333333333,True,0.45999999999999996,8.666666666666668
214,20073,0.025,12,14,0.12,2,0.4633333333333334,8.666666666666666,True,-0.3433333333333334,-6.666666666666666
214,20073,0.025,33,14,0.115,2,0.11333333333333334,2.0,True,0.0016666666666666635,0.0
214,20073,0.1,1,14,1.0,20,1.0,20.0,True,0.0,0.0
214,20073,0.1,12,14,1.0,20,1.0,20.0,True,0.0,0.0
214,20073,0.1,33,14,1.0,20,1.0,20.0,True,0.0,0.0
214,20074,0.0,1,14,0.05,1,0.05000000000000001,1.0,True,-6.938893903907228e-18,0.0
214,20074,0.0,12,14,0.05,1,0.05000000000000001,1.0,True,-6.938893903907228e-18,0.0
214,20074,0.0,33,14,0.05,1,0.05000000000000001,1.0,False,-6.938893903907228e-18,0.0
214,20074,0.01,1,14,0.345,6,0.25666666666666665,4.666666666666667,True,0.08833333333333332,1.333333333333333
214,20074,0.01,12,14,0.32,6,0.325,6.0,True,-0.0050000000000000044,0.0
214,20074,0.01,33,14,0.33,6,0.33,6.0,True,0.0,0.0
214,20074,0.025,1,14,0.575,11,0.85,16.333333333333332,True,-0.275,-5.333333333333332
214,20074,0.025,12,14,0.995,20,0.975,19.333333333333332,True,0.020000000000000018,0.6666666666666679
214,20074,0.025,33,14,0.98,19,0.9883333333333333,19.666666666666668,True,-0.008333333333333304,-0.6666666666666679
214,20074,0.1,1,14,1.0,20,0.995,20.0,True,0.0050000000000000044,0.0
214,20074,0.1,12,14,0.99,20,0.9900000000000001,19.666666666666668,True,-1.1102230246251565e-16,0.33333333333333215
214,20074,0.1,33,14,1.0,20,0.9966666666666667,20.0,True,0.0033333333333332993,0.0
215,20075,0.0,1,14,0.05,1,0.05000000000000001,1.0,True,-6.938893903907228e-18,0.0
215,20075,0.0,12,14,0.05,1,0.05000000000000001,1.0,True,-6.938893903907228e-18,0.0
215,20075,0.0,33,14,0.05,1,0.05000000000000001,1.0,False,-6.938893903907228e-18,0.0
215,20075,0.01,1,14,0.06,1,0.056666666666666664,1.0,True,0.003333333333333334,0.0
215,20075,0.01,12,14,0.06,1,0.06,1.0,True,0.0,0.0
215,20075,0.01,33,14,0.06,1,0.06,1.0,False,0.0,0.0
215,20075,0.025,1,14,0.22,5,0.25333333333333335,4.666666666666667,True,-0.033333333333333354,0.33333333333333304
215,20075,0.025,12,14,0.27,4,0.2916666666666667,5.0,True,-0.021666666666666667,-1.0
215,20075,0.025,33,14,0.28,5,0.28,5.0,True,0.0,0.0
215,20075,0.1,1,14,1.0,20,1.0,20.0,True,0.0,0.0
215,20075,0.1,12,14,1.0,20,0.9966666666666667,20.0,True,0.0033333333333332993,0.0
215,20075,0.1,33,14,1.0,20,1.0,20.0,True,0.0,0.0
215,20076,0.0,1,14,0.05,1,0.05000000000000001,1.0,True,-6.938893903907228e-18,0.0
215,20076,0.0,12,14,0.05,1,0.05000000000000001,1.0,True,-6.938893903907228e-18,0.0
215,20076,0.0,33,14,0.05,1,0.05000000000000001,1.0,False,-6.938893903907228e-18,0.0
215,20076,0.01,1,14,0.105,2,0.10333333333333333,2.0,True,0.0016666666666666635,0.0
215,20076,0.01,12,14,0.1,2,0.10166666666666667,2.0,True,-0.0016666666666666635,0.0
215,20076,0.01,33,14,0.1,2,0.10000000000000002,2.0,False,-1.3877787807814457e-17,0.0
215,20076,0.025,1,14,0.165,3,0.465,9.0,True,-0.30000000000000004,-6.0
215,20076,0.025,12,14,0.2,4,0.4183333333333334,8.0,True,-0.21833333333333338,-4.0
215,20076,0.025,33,14,0.32,6,0.5616666666666666,11.0,True,-0.24166666666666664,-5.0
215,20076,0.1,1,14,0.995,19,0.775,15.333333333333334,True,0.21999999999999997,3.666666666666666
215,20076,0.1,12,14,1.0,20,1.0,20.0,True,0.0,0.0
215,20076,0.1,33,14,1.0,20,0.89,17.666666666666668,True,0.10999999999999999,2.333333333333332
215,20077,0.0,1,14,0.05,1,0.05000000000000001,1.0,True,-6.938893903907228e-18,0.0
215,20077,0.0,12,14,0.05,1,0.05000000000000001,1.0,True,-6.938893903907228e-18,0.0
215,20077,0.0,33,14,0.05,1,0.05000000000000001,1.0,False,-6.938893903907228e-18,0.0
215,20077,0.01,1,14,0.06,1,0.05833333333333333,1.0,True,0.0016666666666666705,0.0
215,20077,0.01,12,14,0.06,1,0.05833333333333333,1.0,True,0.0016666666666666705,0.0
215,20077,0.01,33,14,0.06,1,0.06,1.0,False,0.0,0.0
215,20077,0.025,1,14,0.435,9,0.24,4.0,True,0.195,5.0
215,20077,0.025,12,14,0.435,9,0.33666666666666667,6.333333333333333,True,0.09833333333333333,2.666666666666667
215,20077,0.025,33,14,0.355,7,0.3416666666666666,6.333333333333333,True,0.013333333333333364,0.666666666666667
215,20077,0.1,1,14,1.0,19,1.0,20.0,True,0.0,-1.0
215,20077,0.1,12,14,1.0,20,0.9083333333333333,18.0,True,0.09166666666666667,2.0
215,20077,0.1,33,14,1.0,20,0.9983333333333334,20.0,True,0.0016666666666665941,0.0
215,20078,0.0,1,14,0.05,1,0.05000000000000001,1.0,True,-6.938893903907228e-18,0.0
215,20078,0.0,12,14,0.05,1,0.05000000000000001,1.0,True,-6.938893903907228e-18,0.0
215,20078,0.0,33,14,0.05,1,0.05000000000000001,1.0,False,-6.938893903907228e-18,0.0
215,20078,0.01,1,14,0.205,4,0.21666666666666667,4.0,True,-0.011666666666666686,0.0
215,20078,0.01,12,14,0.155,3,0.2833333333333333,5.333333333333333,True,-0.12833333333333333,-2.333333333333333
215,20078,0.01,33,14,0.25,5,0.20833333333333334,4.0,True,0.04166666666666666,1.0
215,20078,0.025,1,14,0.16,3,0.2783333333333333,5.0,True,-0.11833333333333332,-2.0
215,20078,0.025,12,14,0.16,3,0.29833333333333334,5.333333333333333,True,-0.13833333333333334,-2.333333333333333
215,20078,0.025,33,14,0.37,7,0.535,10.0,True,-0.16500000000000004,-3.0
215,20078,0.1,1,14,1.0,20,0.9833333333333334,19.333333333333332,True,0.016666666666666607,0.6666666666666679
215,20078,0.1,12,14,1.0,20,1.0,20.0,True,0.0,0.0
215,20078,0.1,33,14,1.0,20,1.0,20.0,True,0.0,0.0
215,20079,0.0,1,14,0.05,1,0.05000000000000001,1.0,True,-6.938893903907228e-18,0.0
215,20079,0.0,12,14,0.05,1,0.05000000000000001,1.0,True,-6.938893903907228e-18,0.0
215,20079,0.0,33,14,0.05,1,0.05000000000000001,1.0,True,-6.938893903907228e-18,0.0
215,20079,0.01,1,14,0.175,3,0.21666666666666667,3.6666666666666665,True,-0.041666666666666685,-0.6666666666666665
215,20079,0.01,12,14,0.15,3,0.155,3.0,True,-0.0050000000000000044,0.0
215,20079,0.01,33,14,0.15,3,0.19333333333333336,3.6666666666666665,True,-0.04333333333333336,-0.6666666666666665
215,20079,0.025,1,14,0.845,16,0.3566666666666667,6.333333333333333,True,0.4883333333333333,9.666666666666668
215,20079,0.025,12,14,0.815,15,0.2966666666666667,5.666666666666667,True,0.5183333333333333,9.333333333333332
215,20079,0.025,33,14,0.305,6,0.3033333333333333,6.0,True,0.0016666666666667052,0.0
215,20079,0.1,1,14,1.0,20,1.0,20.0,True,0.0,0.0
215,20079,0.1,12,14,1.0,20,1.0,20.0,True,0.0,0.0
215,20079,0.1,33,14,1.0,20,1.0,20.0,True,0.0,0.0
216,20080,0.0,1,14,0.05,1,0.05000000000000001,1.0,True,-6.938893903907228e-18,0.0
216,20080,0.0,12,14,0.05,1,0.05000000000000001,1.0,True,-6.938893903907228e-18,0.0
216,20080,0.0,33,14,0.05,1,0.05000000000000001,1.0,False,-6.938893903907228e-18,0.0
216,20080,0.01,1,14,0.06,1,0.12833333333333333,2.3333333333333335,True,-0.06833333333333333,-1.3333333333333335
216,20080,0.01,12,14,0.15,3,0.16166666666666665,3.0,True,-0.011666666666666659,0.0
216,20080,0.01,33,14,0.17,3,0.17,3.0,True,0.0,0.0
216,20080,0.025,1,14,0.07,1,0.26166666666666666,5.0,True,-0.19166666666666665,-4.0
216,20080,0.025,12,14,0.26,5,0.3416666666666666,6.333333333333333,True,-0.08166666666666661,-1.333333333333333
216,20080,0.025,33,14,0.355,7,0.355,7.0,True,0.0,0.0
216,20080,0.1,1,14,1.0,20,0.8033333333333333,16.0,True,0.19666666666666666,4.0
216,20080,0.1,12,14,1.0,20,0.9666666666666667,19.0,True,0.033333333333333326,1.0
216,20080,0.1,33,14,1.0,20,1.0,20.0,True,0.0,0.0
216,20081,0.0,1,14,0.05,1,0.05000000000000001,1.0,True,-6.938893903907228e-18,0.0
216,20081,0.0,12,14,0.05,1,0.05000000000000001,1.0,True,-6.938893903907228e-18,0.0
216,20081,0.0,33,14,0.05,1,0.05000000000000001,1.0,False,-6.938893903907228e-18,0.0
216,20081,0.01,1,14,0.05,1,0.05333333333333334,1.0,True,-0.003333333333333334,0.0
216,20081,0.01,12,14,0.055,1,0.055,1.0,True,0.0,0.0
216,20081,0.01,33,14,0.055,1,0.055,1.0,False,0.0,0.0
216,20081,0.025,1,14,0.435,8,0.38166666666666665,7.333333333333333,True,0.053333333333333344,0.666666666666667
216,20081,0.025,12,14,0.26,5,0.26666666666666666,4.666666666666667,True,-0.006666666666666654,0.33333333333333304
216,20081,0.025,33,14,0.265,5,0.27,5.0,True,-0.0050000000000000044,0.0
216,20081,0.1,1,14,1.0,20,0.8033333333333333,16.0,True,0.19666666666666666,4.0
216,20081,0.1,12,14,1.0,20,0.8116666666666666,16.0,True,0.18833333333333335,4.0
216,20081,0.1,33,14,1.0,20,1.0,20.0,True,0.0,0.0
216,20082,0.0,1,14,0.05,1,0.05000000000000001,1.0,True,-6.938893903907228e-18,0.0
216,20082,0.0,12,14,0.05,1,0.05000000000000001,1.0,True,-6.938893903907228e-18,0.0
216,20082,0.0,33,14,0.05,1,0.05000000000000001,1.0,True,-6.938893903907228e-18,0.0
216,20082,0.01,1,14,0.105,2,0.09500000000000001,2.6666666666666665,True,0.009999999999999981,-0.6666666666666665
216,20082,0.01,12,14,0.12,3,0.145,3.3333333333333335,True,-0.024999999999999994,-0.3333333333333335
216,20082,0.01,33,14,0.115,3,0.115,3.0,True,0.0,0.0
216,20082,0.025,1,14,0.115,2,0.22833333333333336,4.666666666666667,True,-0.11333333333333336,-2.666666666666667
216,20082,0.025,12,14,0.47,10,0.29833333333333334,5.666666666666667,True,0.17166666666666663,4.333333333333333
216,20082,0.025,33,14,0.2,4,0.5233333333333333,10.0,True,-0.3233333333333333,-6.0
216,20082,0.1,1,14,0.325,6,0.7733333333333333,15.333333333333334,True,-0.4483333333333333,-9.333333333333334
216,20082,0.1,12,14,0.6,12,0.6133333333333333,12.666666666666666,True,-0.013333333333333308,-0.6666666666666661
216,20082,0.1,33,14,0.62,12,0.7466666666666667,14.666666666666666,True,-0.1266666666666667,-2.666666666666666
216,20083,0.0,1,14,0.05,1,0.05000000000000001,1.0,True,-6.938893903907228e-18,0.0
216,20083,0.0,12,14,0.05,1,0.05000000000000001,1.0,True,-6.938893903907228e-18,0.0
216,20083,0.0,33,14,0.05,1,0.05000000000000001,1.0,False,-6.938893903907228e-18,0.0
216,20083,0.01,1,14,0.06,1,0.12,2.0,True,-0.06,-1.0
216,20083,0.01,12,14,0.06,1,0.12166666666666666,2.0,True,-0.06166666666666666,-1.0
216,20083,0.01,33,14,0.135,2,0.12333333333333334,2.0,True,0.011666666666666672,0.0
216,20083,0.025,1,14,0.445,9,0.4666666666666666,8.666666666666666,True,-0.021666666666666612,0.3333333333333339
216,20083,0.025,12,14,0.23,4,0.32166666666666666,5.666666666666667,True,-0.09166666666666665,-1.666666666666667
216,20083,0.025,33,14,0.645,11,0.5533333333333333,10.0,True,0.09166666666666667,1.0
216,20083,0.1,1,14,0.615,12,1.0,20.0,True,-0.385,-8.0
216,20083,0.1,12,14,0.63,12,0.87,17.333333333333332,True,-0.24,-5.333333333333332
216,20083,0.1,33,14,0.88,17,0.96,19.0,True,-0.07999999999999996,-2.0
216,20084,0.0,1,14,0.05,1,0.05000000000000001,1.0,True,-6.938893903907228e-18,0.0
216,20084,0.0,12,14,0.05,1,0.05000000000000001,1.0,True,-6.938893903907228e-18,0.0
216,20084,0.0,33,14,0.05,1,0.05000000000000001,1.0,True,-6.938893903907228e-18,0.0
216,20084,0.01,1,14,0.115,2,0.17500000000000002,3.3333333333333335,True,-0.06000000000000001,-1.3333333333333335
216,20084,0.01,12,14,0.115,2,0.11333333333333334,2.0,True,0.0016666666666666635,0.0
216,20084,0.01,33,14,0.115,2,0.115,2.0,True,0.0,0.0
216,20084,0.025,1,14,0.175,3,0.39666666666666667,7.666666666666667,True,-0.22166666666666668,-4.666666666666667
216,20084,0.025,12,14,0.17,3,0.13166666666666668,2.3333333333333335,True,0.03833333333333333,0.6666666666666665
216,20084,0.025,33,14,0.175,3,0.17333333333333334,3.0,True,0.0016666666666666496,0.0
216,20084,0.1,1,14,0.325,6,0.7399999999999999,14.666666666666666,True,-0.41499999999999987,-8.666666666666666
216,20084,0.1,12,14,0.63,12,0.6183333333333333,12.0,True,0.011666666666666714,0.0
216,20084,0.1,33,14,0.61,12,0.61,12.0,True,0.0,0.0
217,20085,0.0,1,14,0.05,1,0.05000000000000001,1.0,True,-6.938893903907228e-18,0.0
217,20085,0.0,12,14,0.05,1,0.05000000000000001,1.0,True,-6.938893903907228e-18,0.0
217,20085,0.0,33,14,0.05,1,0.05000000000000001,1.0,True,-6.938893903907228e-18,0.0
217,20085,0.01,1,14,0.2,4,0.28833333333333333,5.666666666666667,True,-0.08833333333333332,-1.666666666666667
217,20085,0.01,12,14,0.305,6,0.29,5.666666666666667,True,0.015000000000000013,0.33333333333333304
217,20085,0.01,33,14,0.305,6,0.3033333333333333,6.0,True,0.0016666666666667052,0.0
217,20085,0.025,1,14,0.32,6,0.6683333333333333,12.333333333333334,True,-0.34833333333333333,-6.333333333333334
217,20085,0.025,12,14,0.79,15,0.65,12.333333333333334,True,0.14,2.666666666666666
217,20085,0.025,33,14,0.41,8,0.5233333333333333,10.333333333333334,True,-0.11333333333333334,-2.333333333333334
217,20085,0.1,1,14,1.0,20,1.0,20.0,True,0.0,0.0
217,20085,0.1,12,14,1.0,20,1.0,20.0,True,0.0,0.0
217,20085,0.1,33,14,1.0,20,1.0,20.0,True,0.0,0.0
217,20086,0.0,1,14,0.05,1,0.05000000000000001,1.0,True,-6.938893903907228e-18,0.0
217,20086,0.0,12,14,0.05,1,0.05000000000000001,1.0,True,-6.938893903907228e-18,0.0
217,20086,0.0,33,14,0.05,1,0.05000000000000001,1.0,True,-6.938893903907228e-18,0.0
217,20086,0.01,1,14,0.05,1,0.05000000000000001,1.0,True,-6.938893903907228e-18,0.0
217,20086,0.01,12,14,0.05,1,0.05000000000000001,1.0,True,-6.938893903907228e-18,0.0
217,20086,0.01,33,14,0.05,1,0.05000000000000001,1.0,True,-6.938893903907228e-18,0.0
217,20086,0.025,1,14,0.06,1,0.06,1.0,True,0.0,0.0
217,20086,0.025,12,14,0.055,1,0.055,1.0,True,0.0,0.0
217,20086,0.025,33,14,0.055,1,0.055,1.0,True,0.0,0.0
217,20086,0.1,1,14,1.0,20,1.0,20.0,True,0.0,0.0
217,20086,0.1,12,14,1.0,20,1.0,20.0,True,0.0,0.0
217,20086,0.1,33,14,1.0,20,1.0,20.0,True,0.0,0.0
217,20087,0.0,1,14,0.05,1,0.05000000000000001,1.0,True,-6.938893903907228e-18,0.0
217,20087,0.0,12,14,0.05,1,0.05000000000000001,1.0,True,-6.938893903907228e-18,0.0
217,20087,0.0,33,14,0.05,1,0.05000000000000001,1.0,False,-6.938893903907228e-18,0.0
217,20087,0.01,1,14,0.11,2,0.09166666666666667,1.6666666666666667,True,0.018333333333333326,0.33333333333333326
217,20087,0.01,12,14,0.11,2,0.20333333333333334,3.6666666666666665,True,-0.09333333333333334,-1.6666666666666665
217,20087,0.01,33,14,0.115,2,0.115,2.0,True,0.0,0.0
217,20087,0.025,1,14,0.795,15,0.5766666666666667,11.333333333333334,True,0.21833333333333338,3.666666666666666
217,20087,0.025,12,14,0.6,12,0.835,16.333333333333332,True,-0.235,-4.333333333333332
217,20087,0.025,33,14,0.26,5,0.6183333333333333,12.333333333333334,True,-0.3583333333333333,-7.333333333333334
217,20087,0.1,1,14,1.0,20,1.0,20.0,True,0.0,0.0
217,20087,0.1,12,14,0.985,20,1.0,20.0,True,-0.015000000000000013,0.0
217,20087,0.1,33,14,1.0,20,1.0,20.0,True,0.0,0.0
217,20088,0.0,1,14,0.05,1,0.05000000000000001,1.0,True,-6.938893903907228e-18,0.0
217,20088,0.0,12,14,0.05,1,0.05000000000000001,1.0,True,-6.938893903907228e-18,0.0
217,20088,0.0,33,14,0.05,1,0.05000000000000001,1.0,False,-6.938893903907228e-18,0.0
217,20088,0.01,1,14,0.055,1,0.05333333333333334,1.0,True,0.0016666666666666635,0.0
217,20088,0.01,12,14,0.055,1,0.05333333333333334,1.0,True,0.0016666666666666635,0.0
217,20088,0.01,33,14,0.05,1,0.05000000000000001,1.0,False,-6.938893903907228e-18,0.0
217,20088,0.025,1,14,0.06,1,0.23166666666666666,4.666666666666667,True,-0.17166666666666666,-3.666666666666667
217,20088,0.025,12,14,0.06,1,0.05833333333333333,1.0,True,0.0016666666666666705,0.0
217,20088,0.025,33,14,0.885,17,0.7216666666666667,13.666666666666666,True,0.16333333333333333,3.333333333333334
217,20088,0.1,1,14,0.995,20,0.6816666666666666,13.666666666666666,True,0.31333333333333335,6.333333333333334
217,20088,0.1,12,14,0.98,19,0.9983333333333334,20.0,True,-0.018333333333333424,-1.0
217,20088,0.1,33,14,0.98,20,1.0,20.0,True,-0.020000000000000018,0.0
217,20089,0.0,1,14,0.05,1,0.05000000000000001,1.0,True,-6.938893903907228e-18,0.0
217,20089,0.0,12,14,0.05,1,0.05000000000000001,1.0,True,-6.938893903907228e-18,0.0
217,20089,0.0,33,14,0.05,1,0.05000000000000001,1.0,False,-6.938893903907228e-18,0.0
217,20089,0.01,1,14,0.105,2,0.10333333333333333,2.0,True,0.0016666666666666635,0.0
217,20089,0.01,12,14,0.105,2,0.09166666666666667,1.6666666666666667,True,0.013333333333333322,0.33333333333333326
217,20089,0.01,33,14,0.105,2,0.105,2.0,True,0.0,0.0
217,20089,0.025,1,14,0.475,9,0.5499999999999999,10.666666666666666,True,-0.07499999999999996,-1.666666666666666
217,20089,0.025,12,14,0.175,3,0.17166666666666666,3.0,True,0.003333333333333327,0.0
217,20089,0.025,33,14,0.905,18,0.3516666666666666,6.333333333333333,True,0.5533333333333335,11.666666666666668
217,20089,0.1,1,14,1.0,20,1.0,20.0,True,0.0,0.0
217,20089,0.1,12,14,0.995,20,1.0,20.0,True,-0.0050000000000000044,0.0
217,20089,0.1,33,14,1.0,20,1.0,20.0,True,0.0,0.0
218,20090,0.0,1,14,0.005,1,0.005,1.0,True,0.0,0.0
218,20090,0.0,12,14,0.005,1,0.005,1.0,False,0.0,0.0
218,20090,0.0,33,14,0.005,1,0.005,1.0,False,0.0,0.0
218,20090,0.01,1,14,0.005,1,0.005,1.0,True,0.0,0.0
218,20090,0.01,12,14,0.005,1,0.005,1.0,False,0.0,0.0
218,20090,0.01,33,14,0.005,1,0.005,1.0,False,0.0,0.0
218,20090,0.025,1,14,0.005,1,0.005,1.0,True,0.0,0.0
218,20090,0.025,12,14,0.005,1,0.005,1.0,False,0.0,0.0
218,20090,0.025,33,14,0.005,1,0.005,1.0,False,0.0,0.0
218,20090,0.1,1,14,0.005,1,0.005,1.0,True,0.0,0.0
218,20090,0.1,12,14,0.005,1,0.005,1.0,False,0.0,0.0
218,20090,0.1,33,14,0.005,1,0.005,1.0,False,0.0,0.0
218,20091,0.0,1,14,0.05,1,0.05000000000000001,1.0,True,-6.938893903907228e-18,0.0
218,20091,0.0,12,14,0.05,1,0.05000000000000001,1.0,True,-6.938893903907228e-18,0.0
218,20091,0.0,33,14,0.05,1,0.05000000000000001,1.0,True,-6.938893903907228e-18,0.0
218,20091,0.01,1,14,0.065,1,0.06,1.0,True,0.0050000000000000044,0.0
218,20091,0.01,12,14,0.05,1,0.055,1.0,True,-0.0049999999999999975,0.0
218,20091,0.01,33,14,0.05,1,0.05000000000000001,1.0,True,-6.938893903907228e-18,0.0
218,20091,0.025,1,14,0.235,4,0.6683333333333333,12.666666666666666,True,-0.43333333333333335,-8.666666666666666
218,20091,0.025,12,14,0.875,17,0.605,12.0,True,0.27,5.0
218,20091,0.025,33,14,0.97,19,0.8300000000000001,16.0,True,0.1399999999999999,3.0
218,20091,0.1,1,14,1.0,20,0.9983333333333334,20.0,True,0.0016666666666665941,0.0
218,20091,0.1,12,14,1.0,20,0.985,19.333333333333332,True,0.015000000000000013,0.6666666666666679
218,20091,0.1,33,14,1.0,20,1.0,20.0,True,0.0,0.0
218,20092,0.0,1,14,0.05,1,0.05000000000000001,1.0,True,-6.938893903907228e-18,0.0
218,20092,0.0,12,14,0.05,1,0.05000000000000001,1.0,True,-6.938893903907228e-18,0.0
218,20092,0.0,33,14,0.05,1,0.05000000000000001,1.0,True,-6.938893903907228e-18,0.0
218,20092,0.01,1,14,0.345,7,0.31833333333333336,6.333333333333333,True,0.026666666666666616,0.666666666666667
218,20092,0.01,12,14,0.18,4,0.2733333333333333,5.666666666666667,True,-0.09333333333333332,-1.666666666666667
218,20092,0.01,33,14,0.345,7,0.3416666666666666,7.0,True,0.003333333333333355,0.0
218,20092,0.025,1,14,0.58,11,0.6116666666666667,11.666666666666666,True,-0.03166666666666673,-0.6666666666666661
218,20092,0.025,12,14,0.355,7,0.5316666666666667,10.0,True,-0.17666666666666675,-3.0
218,20092,0.025,33,14,0.49,9,0.5183333333333334,9.666666666666666,True,-0.028333333333333433,-0.6666666666666661
218,20092,0.1,1,14,1.0,20,1.0,20.0,True,0.0,0.0
218,20092,0.1,12,14,1.0,20,0.995,19.666666666666668,True,0.0050000000000000044,0.33333333333333215
218,20092,0.1,33,14,1.0,20,1.0,20.0,True,0.0,0.0
218,20093,0.0,1,14,0.05,1,0.05000000000000001,1.0,True,-6.938893903907228e-18,0.0
218,20093,0.0,12,14,0.05,1,0.05000000000000001,1.0,True,-6.938893903907228e-18,0.0
218,20093,0.0,33,14,0.05,1,0.05000000000000001,1.0,False,-6.938893903907228e-18,0.0
218,20093,0.01,1,14,0.22,4,0.22833333333333336,4.0,True,-0.00833333333333336,0.0
218,20093,0.01,12,14,0.175,3,0.21,3.6666666666666665,True,-0.035,-0.6666666666666665
218,20093,0.01,33,14,0.225,4,0.22,4.0,True,0.0050000000000000044,0.0
218,20093,0.025,1,14,0.44,7,0.25833333333333336,4.666666666666667,True,0.18166666666666664,2.333333333333333
218,20093,0.025,12,14,0.52,9,0.36999999999999994,6.666666666666667,True,0.15000000000000008,2.333333333333333
218,20093,0.025,33,14,0.13,2,0.14333333333333334,2.0,True,-0.013333333333333336,0.0
218,20093,0.1,1,14,1.0,20,1.0,20.0,True,0.0,0.0
218,20093,0.1,12,14,1.0,20,0.995,20.0,True,0.0050000000000000044,0.0
218,20093,0.1,33,14,1.0,20,1.0,20.0,True,0.0,0.0
218,20094,0.0,1,14,0.05,1,0.05000000000000001,1.0,True,-6.938893903907228e-18,0.0
218,20094,0.0,12,14,0.05,1,0.05000000000000001,1.0,True,-6.938893903907228e-18,0.0
218,20094,0.0,33,14,0.05,1,0.05000000000000001,1.0,True,-6.938893903907228e-18,0.0
218,20094,0.01,1,14,0.135,2,0.135,2.3333333333333335,True,0.0,-0.3333333333333335
218,20094,0.01,12,14,0.115,2,0.135,2.3333333333333335,True,-0.020000000000000004,-0.3333333333333335
218,20094,0.01,33,14,0.115,2,0.12666666666666668,2.0,True,-0.011666666666666672,0.0
218,20094,0.025,1,14,0.52,9,0.75,14.0,True,-0.22999999999999998,-5.0
218,20094,0.025,12,14,0.91,19,0.805,15.666666666666666,True,0.10499999999999998,3.333333333333334
218,20094,0.025,33,14,0.6,11,0.8466666666666667,16.333333333333332,True,-0.2466666666666667,-5.333333333333332
218,20094,0.1,1,14,1.0,20,1.0,20.0,True,0.0,0.0
218,20094,0.1,12,14,1.0,20,0.9933333333333333,20.0,True,0.00666666666666671,0.0
218,20094,0.1,33,14,1.0,20,1.0,20.0,True,0.0,0.0
219,20095,0.0,1,14,0.05,1,0.05000000000000001,1.0,True,-6.938893903907228e-18,0.0
219,20095,0.0,12,14,0.05,1,0.05000000000000001,1.0,True,-6.938893903907228e-18,0.0
219,20095,0.0,33,14,0.05,1,0.05000000000000001,1.0,True,-6.938893903907228e-18,0.0
219,20095,0.01,1,14,0.06,1,0.06166666666666667,1.0,True,-0.0016666666666666705,0.0
219,20095,0.01,12,14,0.065,1,0.056666666666666664,1.0,True,0.008333333333333338,0.0
219,20095,0.01,33,14,0.06,1,0.06,1.0,False,0.0,0.0
219,20095,0.025,1,14,0.945,19,0.6066666666666667,11.0,True,0.33833333333333326,8.0
219,20095,0.025,12,14,0.905,18,0.7066666666666667,14.0,True,0.19833333333333336,4.0
219,20095,0.025,33,14,0.825,16,0.805,15.333333333333334,True,0.019999999999999907,0.6666666666666661
219,20095,0.1,1,14,1.0,20,1.0,20.0,True,0.0,0.0
219,20095,0.1,12,14,1.0,20,0.9933333333333333,19.666666666666668,True,0.00666666666666671,0.33333333333333215
219,20095,0.1,33,14,1.0,20,1.0,20.0,True,0.0,0.0
219,20096,0.0,1,14,0.05,1,0.05000000000000001,1.0,True,-6.938893903907228e-18,0.0
219,20096,0.0,12,14,0.05,1,0.05000000000000001,1.0,True,-6.938893903907228e-18,0.0
219,20096,0.0,33,14,0.05,1,0.05000000000000001,1.0,False,-6.938893903907228e-18,0.0
219,20096,0.01,1,14,0.105,2,0.08666666666666667,1.6666666666666667,True,0.018333333333333326,0.33333333333333326
219,20096,0.01,12,14,0.105,2,0.10333333333333333,2.0,True,0.0016666666666666635,0.0
219,20096,0.01,33,14,0.105,2,0.105,2.0,False,0.0,0.0
219,20096,0.025,1,14,0.045,1,0.043333333333333335,1.0,True,0.0016666666666666635,0.0
219,20096,0.025,12,14,0.035,1,0.035,1.0,True,0.0,0.0
219,20096,0.025,33,14,0.035,1,0.035,1.0,False,0.0,0.0
219,20096,0.1,1,14,1.0,20,1.0,20.0,True,0.0,0.0
219,20096,0.1,12,14,1.0,20,1.0,20.0,True,0.0,0.0
219,20096,0.1,33,14,1.0,20,1.0,20.0,True,0.0,0.0
219,20097,0.0,1,14,0.05,1,0.05000000000000001,1.0,True,-6.938893903907228e-18,0.0
219,20097,0.0,12,14,0.05,1,0.05000000000000001,1.0,True,-6.938893903907228e-18,0.0
219,20097,0.0,33,14,0.05,1,0.05000000000000001,1.0,False,-6.938893903907228e-18,0.0
219,20097,0.01,1,14,0.175,3,0.17166666666666666,3.0,True,0.003333333333333327,0.0
219,20097,0.01,12,14,0.17,3,0.17499999999999996,3.0,True,-0.004999999999999949,0.0
219,20097,0.01,33,14,0.175,3,0.17499999999999996,3.0,True,2.7755575615628914e-17,0.0
219,20097,0.025,1,14,0.27,5,0.5716666666666667,11.333333333333334,True,-0.30166666666666664,-6.333333333333334
219,20097,0.025,12,14,0.535,11,0.9116666666666666,18.0,True,-0.3766666666666666,-7.0
219,20097,0.025,33,14,0.83,17,0.9349999999999999,18.333333333333332,True,-0.10499999999999998,-1.3333333333333321
219,20097,0.1,1,14,1.0,20,0.9916666666666667,19.666666666666668,True,0.008333333333333304,0.33333333333333215
219,20097,0.1,12,14,1.0,20,1.0,20.0,True,0.0,0.0
219,20097,0.1,33,14,1.0,20,1.0,20.0,True,0.0,0.0
219,20098,0.0,1,14,0.05,1,0.05000000000000001,1.0,True,-6.938893903907228e-18,0.0
219,20098,0.0,12,14,0.05,1,0.05000000000000001,1.0,True,-6.938893903907228e-18,0.0
219,20098,0.0,33,14,0.05,1,0.05000000000000001,1.0,True,-6.938893903907228e-18,0.0
219,20098,0.01,1,14,0.335,6,0.19999999999999998,3.3333333333333335,True,0.13500000000000004,2.6666666666666665
219,20098,0.01,12,14,0.235,4,0.22999999999999998,4.0,True,0.0050000000000000044,0.0
219,20098,0.01,33,14,0.175,3,0.19833333333333333,3.3333333333333335,True,-0.023333333333333345,-0.3333333333333335
219,20098,0.025,1,14,0.515,9,0.82,16.0,True,-0.30499999999999994,-7.0
219,20098,0.025,12,14,0.96,20,0.6666666666666666,12.333333333333334,True,0.29333333333333333,7.666666666666666
219,20098,0.025,33,14,0.655,12,0.8099999999999999,15.333333333333334,True,-0.15499999999999992,-3.333333333333334
219,20098,0.1,1,14,1.0,20,1.0,20.0,True,0.0,0.0
219,20098,0.1,12,14,0.925,18,0.9833333333333334,19.333333333333332,True,-0.05833333333333335,-1.3333333333333321
219,20098,0.1,33,14,1.0,20,1.0,20.0,True,0.0,0.0
219,20099,0.0,1,14,0.05,1,0.05000000000000001,1.0,True,-6.938893903907228e-18,0.0
219,20099,0.0,12,14,0.05,1,0.05000000000000001,1.0,True,-6.938893903907228e-18,0.0
219,20099,0.0,33,14,0.05,1,0.05000000000000001,1.0,False,-6.938893903907228e-18,0.0
219,20099,0.01,1,14,0.05,1,0.25833333333333336,4.666666666666667,True,-0.20833333333333337,-3.666666666666667
219,20099,0.01,12,14,0.045,1,0.045000000000000005,1.0,True,-6.938893903907228e-18,0.0
219,20099,0.01,33,14,0.045,1,0.045000000000000005,1.0,False,-6.938893903907228e-18,0.0
219,20099,0.025,1,14,0.465,8,0.6766666666666667,12.0,True,-0.21166666666666673,-4.0
219,20099,0.025,12,14,0.64,12,0.6549999999999999,12.333333333333334,True,-0.014999999999999902,-0.3333333333333339
219,20099,0.025,33,14,0.59,11,0.6966666666666667,13.0,True,-0.10666666666666669,-2.0
219,20099,0.1,1,14,1.0,20,1.0,20.0,True,0.0,0.0
219,20099,0.1,12,14,1.0,20,0.9983333333333334,20.0,True,0.0016666666666665941,0.0
219,20099,0.1,33,14,1.0,20,1.0,20.0,True,0.0,0.0
