transfer_rate,response_delay,strategy,completed
0.0,0,none,100
0.0,1,betweenness,100
0.0,1,random,300
0.0,12,betweenness,100
0.0,12,random,300
0.0,33,betweenness,100
0.0,33,random,300
0.01,0,none,100
0.01,1,betweenness,100
0.01,1,random,300
0.01,12,betweenness,100
0.01,12,random,300
0.01,33,betweenness,100
0.01,33,random,300
0.025,0,none,100
0.025,1,betweenness,100
0.025,1,random,300
0.025,12,betweenness,100
0.025,12,random,300
0.025,33,betweenness,100
0.025,33,random,300
0.1,0,none,100
0.1,1,betweenness,100
0.1,1,random,300
0.1,12,betweenness,100
0.1,12,random,300
0.1,33,betweenness,100
0.1,33,random,300
